CREATE DATABASE  IF NOT EXISTS `tableup` /*!40100 DEFAULT CHARACTER SET utf8mb4 COLLATE utf8mb4_0900_ai_ci */ /*!80016 DEFAULT ENCRYPTION='N' */;
USE `tableup`;
-- MySQL dump 10.13  Distrib 8.0.41, for Win64 (x86_64)
--
-- Host: localhost    Database: tableup
-- ------------------------------------------------------
-- Server version	8.0.41

/*!40101 SET @OLD_CHARACTER_SET_CLIENT=@@CHARACTER_SET_CLIENT */;
/*!40101 SET @OLD_CHARACTER_SET_RESULTS=@@CHARACTER_SET_RESULTS */;
/*!40101 SET @OLD_COLLATION_CONNECTION=@@COLLATION_CONNECTION */;
/*!50503 SET NAMES utf8 */;
/*!40103 SET @OLD_TIME_ZONE=@@TIME_ZONE */;
/*!40103 SET TIME_ZONE='+00:00' */;
/*!40014 SET @OLD_UNIQUE_CHECKS=@@UNIQUE_CHECKS, UNIQUE_CHECKS=0 */;
/*!40014 SET @OLD_FOREIGN_KEY_CHECKS=@@FOREIGN_KEY_CHECKS, FOREIGN_KEY_CHECKS=0 */;
/*!40101 SET @OLD_SQL_MODE=@@SQL_MODE, SQL_MODE='NO_AUTO_VALUE_ON_ZERO' */;
/*!40111 SET @OLD_SQL_NOTES=@@SQL_NOTES, SQL_NOTES=0 */;

--
-- Table structure for table `admin`
--

DROP TABLE IF EXISTS `admin`;
/*!40101 SET @saved_cs_client     = @@character_set_client */;
/*!50503 SET character_set_client = utf8mb4 */;
CREATE TABLE `admin` (
  `ad_num` int NOT NULL AUTO_INCREMENT,
  `ad_id` varchar(20) NOT NULL,
  `ad_pw` varchar(255) NOT NULL,
  PRIMARY KEY (`ad_num`),
  UNIQUE KEY `ad_id` (`ad_id`)
) ENGINE=InnoDB AUTO_INCREMENT=2 DEFAULT CHARSET=utf8mb4 COLLATE=utf8mb4_0900_ai_ci;
/*!40101 SET character_set_client = @saved_cs_client */;

--
-- Dumping data for table `admin`
--

LOCK TABLES `admin` WRITE;
/*!40000 ALTER TABLE `admin` DISABLE KEYS */;
INSERT INTO `admin` VALUES (1,'a123','$2a$10$juSqcXcXvHzpTdW1Ml/yk.IaLl7uPP77lksZan0T83ZH8Dq4ns7MG');
/*!40000 ALTER TABLE `admin` ENABLE KEYS */;
UNLOCK TABLES;

--
-- Table structure for table `businessdate`
--

DROP TABLE IF EXISTS `businessdate`;
/*!40101 SET @saved_cs_client     = @@character_set_client */;
/*!50503 SET character_set_client = utf8mb4 */;
CREATE TABLE `businessdate` (
  `BD_NUM` int NOT NULL AUTO_INCREMENT,
  `BD_DATE` datetime NOT NULL,
  `bd_rt_num` int DEFAULT NULL,
  `BD_OFF` tinyint(1) NOT NULL,
  `bd_open` datetime DEFAULT NULL,
  `bd_close` datetime DEFAULT NULL,
  `bd_brstart` datetime DEFAULT NULL,
  `bd_brend` datetime DEFAULT NULL,
  `bd_loam` datetime DEFAULT NULL,
  `bd_lopm` datetime DEFAULT NULL,
  PRIMARY KEY (`BD_NUM`),
  KEY `FK_Restaurant_TO_BusinessDate_1` (`bd_rt_num`),
  CONSTRAINT `FK_Restaurant_TO_BusinessDate_1` FOREIGN KEY (`bd_rt_num`) REFERENCES `restaurant` (`rt_num`)
) ENGINE=InnoDB AUTO_INCREMENT=64 DEFAULT CHARSET=utf8mb4 COLLATE=utf8mb4_0900_ai_ci;
/*!40101 SET character_set_client = @saved_cs_client */;

--
-- Dumping data for table `businessdate`
--

LOCK TABLES `businessdate` WRITE;
/*!40000 ALTER TABLE `businessdate` DISABLE KEYS */;
INSERT INTO `businessdate` VALUES (1,'2025-06-02 00:00:00',3,0,'2025-06-02 12:00:00','2025-06-02 22:00:00',NULL,NULL,NULL,'2025-06-02 21:00:00'),(2,'2025-06-03 00:00:00',3,0,'2025-06-03 12:00:00','2025-06-03 22:00:00',NULL,NULL,NULL,'2025-06-03 21:00:00'),(3,'2025-06-04 00:00:00',3,0,'2025-06-04 12:00:00','2025-06-04 22:00:00',NULL,NULL,NULL,'2025-06-04 21:00:00'),(4,'2025-06-05 00:00:00',3,0,'2025-06-05 12:00:00','2025-06-05 22:00:00',NULL,NULL,NULL,'2025-06-05 21:00:00'),(5,'2025-06-06 00:00:00',3,0,'2025-06-06 12:00:00','2025-06-06 22:00:00',NULL,NULL,NULL,'2025-06-06 21:00:00'),(6,'2025-06-09 00:00:00',3,0,'2025-06-09 12:00:00','2025-06-09 22:00:00',NULL,NULL,NULL,'2025-06-09 21:00:00'),(7,'2025-06-10 00:00:00',3,0,'2025-06-10 12:00:00','2025-06-10 22:00:00',NULL,NULL,NULL,'2025-06-10 21:00:00'),(8,'2025-06-11 00:00:00',3,0,'2025-06-11 12:00:00','2025-06-11 22:00:00',NULL,NULL,NULL,'2025-06-11 21:00:00'),(9,'2025-06-12 00:00:00',3,0,'2025-06-12 12:00:00','2025-06-12 22:00:00',NULL,NULL,NULL,'2025-06-12 21:00:00'),(10,'2025-06-13 00:00:00',3,0,'2025-06-13 12:00:00','2025-06-13 22:00:00',NULL,NULL,NULL,'2025-06-13 21:00:00'),(11,'2025-06-16 00:00:00',3,0,'2025-06-16 12:00:00','2025-06-16 22:00:00',NULL,NULL,NULL,'2025-06-16 21:00:00'),(12,'2025-06-17 00:00:00',3,0,'2025-06-17 12:00:00','2025-06-17 22:00:00',NULL,NULL,NULL,'2025-06-17 21:00:00'),(13,'2025-06-18 00:00:00',3,0,'2025-06-18 12:00:00','2025-06-18 22:00:00',NULL,NULL,NULL,'2025-06-18 21:00:00'),(14,'2025-06-19 00:00:00',3,0,'2025-06-19 12:00:00','2025-06-19 22:00:00',NULL,NULL,NULL,'2025-06-19 21:00:00'),(15,'2025-06-20 00:00:00',3,1,'2025-06-20 12:00:00','2025-06-20 22:00:00','2025-06-20 00:00:00','2025-06-20 00:00:00','2025-06-20 00:00:00','2025-06-20 21:00:00'),(16,'2025-06-23 00:00:00',3,0,'2025-06-23 12:00:00','2025-06-23 22:00:00',NULL,NULL,NULL,'2025-06-23 21:00:00'),(17,'2025-06-24 00:00:00',3,0,'2025-06-24 12:00:00','2025-06-24 22:00:00',NULL,NULL,NULL,'2025-06-24 21:00:00'),(18,'2025-06-25 00:00:00',3,0,'2025-06-25 12:00:00','2025-06-25 22:00:00',NULL,NULL,NULL,'2025-06-25 21:00:00'),(19,'2025-06-26 00:00:00',3,0,'2025-06-26 12:00:00','2025-06-26 22:00:00',NULL,NULL,NULL,'2025-06-26 21:00:00'),(20,'2025-06-27 00:00:00',3,0,'2025-06-27 12:00:00','2025-06-27 22:00:00',NULL,NULL,NULL,'2025-06-27 21:00:00'),(21,'2025-06-30 00:00:00',3,0,'2025-06-30 12:00:00','2025-06-30 22:00:00',NULL,NULL,NULL,'2025-06-30 21:00:00'),(22,'2025-07-01 00:00:00',3,0,'2025-07-01 12:00:00','2025-07-01 22:00:00',NULL,NULL,NULL,'2025-07-01 21:00:00'),(23,'2025-07-02 00:00:00',3,0,'2025-07-02 12:00:00','2025-07-02 22:00:00',NULL,NULL,NULL,'2025-07-02 21:00:00'),(24,'2025-07-03 00:00:00',3,0,'2025-07-03 12:00:00','2025-07-03 22:00:00',NULL,NULL,NULL,'2025-07-03 21:00:00'),(25,'2025-07-04 00:00:00',3,0,'2025-07-04 12:00:00','2025-07-04 22:00:00',NULL,NULL,NULL,'2025-07-04 21:00:00'),(26,'2025-07-07 00:00:00',3,0,'2025-07-07 12:00:00','2025-07-07 22:00:00',NULL,NULL,NULL,'2025-07-07 21:00:00'),(27,'2025-07-08 00:00:00',3,0,'2025-07-08 12:00:00','2025-07-08 22:00:00',NULL,NULL,NULL,'2025-07-08 21:00:00'),(28,'2025-07-09 00:00:00',3,0,'2025-07-09 12:00:00','2025-07-09 22:00:00',NULL,NULL,NULL,'2025-07-09 21:00:00'),(29,'2025-07-10 00:00:00',3,0,'2025-07-10 12:00:00','2025-07-10 22:00:00',NULL,NULL,NULL,'2025-07-10 21:00:00'),(30,'2025-07-11 00:00:00',3,0,'2025-07-11 12:00:00','2025-07-11 22:00:00',NULL,NULL,NULL,'2025-07-11 21:00:00'),(31,'2025-07-14 00:00:00',3,0,'2025-07-14 12:00:00','2025-07-14 22:00:00',NULL,NULL,NULL,'2025-07-14 21:00:00'),(32,'2025-07-15 00:00:00',3,0,'2025-07-15 12:00:00','2025-07-15 22:00:00',NULL,NULL,NULL,'2025-07-15 21:00:00'),(33,'2025-07-16 00:00:00',3,0,'2025-07-16 12:00:00','2025-07-16 22:00:00',NULL,NULL,NULL,'2025-07-16 21:00:00'),(34,'2025-07-17 00:00:00',3,0,'2025-07-17 12:00:00','2025-07-17 22:00:00',NULL,NULL,NULL,'2025-07-17 21:00:00'),(35,'2025-07-18 00:00:00',3,0,'2025-07-18 12:00:00','2025-07-18 22:00:00',NULL,NULL,NULL,'2025-07-18 21:00:00'),(36,'2025-07-21 00:00:00',3,0,'2025-07-21 12:00:00','2025-07-21 22:00:00',NULL,NULL,NULL,'2025-07-21 21:00:00'),(37,'2025-07-22 00:00:00',3,0,'2025-07-22 12:00:00','2025-07-22 22:00:00',NULL,NULL,NULL,'2025-07-22 21:00:00'),(38,'2025-07-23 00:00:00',3,0,'2025-07-23 12:00:00','2025-07-23 22:00:00',NULL,NULL,NULL,'2025-07-23 21:00:00'),(39,'2025-07-24 00:00:00',3,0,'2025-07-24 12:00:00','2025-07-24 22:00:00',NULL,NULL,NULL,'2025-07-24 21:00:00'),(40,'2025-07-25 00:00:00',3,0,'2025-07-25 12:00:00','2025-07-25 22:00:00',NULL,NULL,NULL,'2025-07-25 21:00:00'),(41,'2025-07-28 00:00:00',3,0,'2025-07-28 12:00:00','2025-07-28 22:00:00',NULL,NULL,NULL,'2025-07-28 21:00:00'),(42,'2025-07-29 00:00:00',3,0,'2025-07-29 12:00:00','2025-07-29 22:00:00',NULL,NULL,NULL,'2025-07-29 21:00:00'),(43,'2025-07-30 00:00:00',3,0,'2025-07-30 12:00:00','2025-07-30 22:00:00',NULL,NULL,NULL,'2025-07-30 21:00:00'),(44,'2025-07-31 00:00:00',3,0,'2025-07-31 12:00:00','2025-07-31 22:00:00',NULL,NULL,NULL,'2025-07-31 21:00:00'),(52,'2025-08-01 00:00:00',3,0,'2025-08-01 12:00:00','2025-08-01 22:00:00',NULL,NULL,NULL,'2025-08-01 21:00:00'),(53,'2025-08-04 00:00:00',3,0,'2025-08-04 12:00:00','2025-08-04 22:00:00',NULL,NULL,NULL,'2025-08-04 21:00:00'),(54,'2025-08-05 00:00:00',3,0,'2025-08-05 12:00:00','2025-08-05 22:00:00',NULL,NULL,NULL,'2025-08-05 21:00:00'),(55,'2025-08-06 00:00:00',3,0,'2025-08-06 12:00:00','2025-08-06 22:00:00',NULL,NULL,NULL,'2025-08-06 21:00:00'),(56,'2025-08-07 00:00:00',3,0,'2025-08-07 12:00:00','2025-08-07 22:00:00',NULL,NULL,NULL,'2025-08-07 21:00:00'),(57,'2025-08-08 00:00:00',3,0,'2025-08-08 12:00:00','2025-08-08 22:00:00',NULL,NULL,NULL,'2025-08-08 21:00:00'),(58,'2025-08-12 00:00:00',3,0,'2025-08-12 12:00:00','2025-08-12 22:00:00',NULL,NULL,NULL,'2025-08-12 21:00:00'),(59,'2025-08-13 00:00:00',3,0,'2025-08-13 12:00:00','2025-08-13 22:00:00',NULL,NULL,NULL,'2025-08-13 21:00:00'),(60,'2025-08-11 00:00:00',3,0,'2025-08-11 12:00:00','2025-08-11 22:00:00',NULL,NULL,NULL,'2025-08-11 21:00:00'),(62,'2025-08-14 00:00:00',3,0,'2025-08-14 12:00:00','2025-08-14 22:00:00',NULL,NULL,NULL,'2025-08-14 21:00:00'),(63,'2025-08-15 00:00:00',3,0,'2025-08-15 12:00:00','2025-08-15 22:00:00',NULL,NULL,NULL,'2025-08-15 21:00:00');
/*!40000 ALTER TABLE `businessdate` ENABLE KEYS */;
UNLOCK TABLES;

--
-- Table structure for table `businesshour`
--

DROP TABLE IF EXISTS `businesshour`;
/*!40101 SET @saved_cs_client     = @@character_set_client */;
/*!50503 SET character_set_client = utf8mb4 */;
CREATE TABLE `businesshour` (
  `bh_num` int NOT NULL AUTO_INCREMENT,
  `bh_start` datetime NOT NULL,
  `bh_end` datetime DEFAULT NULL,
  `bh_seat_MAX` int DEFAULT NULL,
  `bh_seat_current` int DEFAULT NULL,
  `bh_table_MAX` int DEFAULT NULL,
  `bh_table_current` int DEFAULT NULL,
  `bh_state` tinyint(1) DEFAULT NULL,
  `bh_rt_num` int DEFAULT NULL,
  PRIMARY KEY (`bh_num`),
  KEY `FK_Restaurant_TO_BusinessHour_1` (`bh_rt_num`),
  CONSTRAINT `FK_Restaurant_TO_BusinessHour_1` FOREIGN KEY (`bh_rt_num`) REFERENCES `restaurant` (`rt_num`)
) ENGINE=InnoDB AUTO_INCREMENT=462 DEFAULT CHARSET=utf8mb4 COLLATE=utf8mb4_0900_ai_ci;
/*!40101 SET character_set_client = @saved_cs_client */;

--
-- Dumping data for table `businesshour`
--

LOCK TABLES `businesshour` WRITE;
/*!40000 ALTER TABLE `businesshour` DISABLE KEYS */;
INSERT INTO `businesshour` VALUES (1,'2025-07-28 12:00:00','2025-07-28 13:00:00',40,0,10,0,0,3),(2,'2025-07-28 13:00:00','2025-07-28 14:00:00',40,0,10,0,0,3),(3,'2025-07-28 14:00:00','2025-07-28 15:00:00',40,0,10,0,0,3),(4,'2025-07-28 15:00:00','2025-07-28 16:00:00',40,0,10,0,0,3),(5,'2025-07-28 16:00:00','2025-07-28 17:00:00',40,0,10,0,0,3),(6,'2025-07-28 17:00:00','2025-07-28 18:00:00',40,0,10,0,0,3),(7,'2025-07-28 18:00:00','2025-07-28 19:00:00',40,0,10,0,0,3),(8,'2025-07-28 19:00:00','2025-07-28 20:00:00',40,0,10,0,0,3),(9,'2025-07-28 20:00:00','2025-07-28 21:00:00',40,0,10,0,0,3),(10,'2025-07-28 21:00:00','2025-07-28 22:00:00',40,0,10,0,0,3),(11,'2025-07-21 12:00:00','2025-07-21 13:00:00',40,0,10,0,0,3),(12,'2025-07-21 13:00:00','2025-07-21 14:00:00',40,0,10,0,0,3),(13,'2025-07-21 14:00:00','2025-07-21 15:00:00',40,0,10,0,0,3),(14,'2025-07-21 15:00:00','2025-07-21 16:00:00',40,0,10,0,0,3),(15,'2025-07-21 16:00:00','2025-07-21 17:00:00',40,0,10,0,0,3),(16,'2025-07-21 17:00:00','2025-07-21 18:00:00',40,0,10,0,0,3),(17,'2025-07-21 18:00:00','2025-07-21 19:00:00',40,0,10,0,0,3),(18,'2025-07-21 19:00:00','2025-07-21 20:00:00',40,0,10,0,0,3),(19,'2025-07-21 20:00:00','2025-07-21 21:00:00',40,0,10,0,0,3),(20,'2025-07-21 21:00:00','2025-07-21 22:00:00',40,0,10,0,0,3),(21,'2025-07-14 12:00:00','2025-07-14 13:00:00',40,0,10,0,0,3),(22,'2025-07-14 13:00:00','2025-07-14 14:00:00',40,0,10,0,0,3),(23,'2025-07-14 14:00:00','2025-07-14 15:00:00',40,0,10,0,0,3),(24,'2025-07-14 15:00:00','2025-07-14 16:00:00',40,0,10,0,0,3),(25,'2025-07-14 16:00:00','2025-07-14 17:00:00',40,0,10,0,0,3),(26,'2025-07-14 17:00:00','2025-07-14 18:00:00',40,0,10,0,0,3),(27,'2025-07-14 18:00:00','2025-07-14 19:00:00',40,0,10,0,0,3),(28,'2025-07-14 19:00:00','2025-07-14 20:00:00',40,0,10,0,0,3),(29,'2025-07-14 20:00:00','2025-07-14 21:00:00',40,0,10,0,0,3),(30,'2025-07-14 21:00:00','2025-07-14 22:00:00',40,0,10,0,0,3),(31,'2025-07-07 12:00:00','2025-07-07 13:00:00',40,0,10,0,0,3),(32,'2025-07-07 13:00:00','2025-07-07 14:00:00',40,0,10,0,0,3),(33,'2025-07-07 14:00:00','2025-07-07 15:00:00',40,0,10,0,0,3),(34,'2025-07-07 15:00:00','2025-07-07 16:00:00',40,0,10,0,0,3),(35,'2025-07-07 16:00:00','2025-07-07 17:00:00',40,0,10,0,0,3),(36,'2025-07-07 17:00:00','2025-07-07 18:00:00',40,0,10,0,0,3),(37,'2025-07-07 18:00:00','2025-07-07 19:00:00',40,0,10,0,0,3),(38,'2025-07-07 19:00:00','2025-07-07 20:00:00',40,0,10,0,0,3),(39,'2025-07-07 20:00:00','2025-07-07 21:00:00',40,0,10,0,0,3),(40,'2025-07-07 21:00:00','2025-07-07 22:00:00',40,0,10,0,0,3),(41,'2025-06-30 12:00:00','2025-06-30 13:00:00',40,0,10,0,0,3),(42,'2025-06-30 13:00:00','2025-06-30 14:00:00',40,6,10,0,0,3),(43,'2025-06-30 14:00:00','2025-06-30 15:00:00',40,0,10,0,0,3),(44,'2025-06-30 15:00:00','2025-06-30 16:00:00',40,0,10,0,0,3),(45,'2025-06-30 16:00:00','2025-06-30 17:00:00',40,0,10,0,0,3),(46,'2025-06-30 17:00:00','2025-06-30 18:00:00',40,0,10,0,0,3),(47,'2025-06-30 18:00:00','2025-06-30 19:00:00',40,0,10,0,0,3),(48,'2025-06-30 19:00:00','2025-06-30 20:00:00',40,0,10,0,0,3),(49,'2025-06-30 20:00:00','2025-06-30 21:00:00',40,0,10,0,0,3),(50,'2025-06-30 21:00:00','2025-06-30 22:00:00',40,0,10,0,0,3),(51,'2025-06-23 12:00:00','2025-06-23 13:00:00',40,0,10,0,0,3),(52,'2025-06-23 13:00:00','2025-06-23 14:00:00',40,0,10,0,0,3),(53,'2025-06-23 14:00:00','2025-06-23 15:00:00',40,0,10,0,0,3),(54,'2025-06-23 15:00:00','2025-06-23 16:00:00',40,0,10,0,0,3),(55,'2025-06-23 16:00:00','2025-06-23 17:00:00',40,0,10,0,0,3),(56,'2025-06-23 17:00:00','2025-06-23 18:00:00',40,0,10,0,0,3),(57,'2025-06-23 18:00:00','2025-06-23 19:00:00',40,0,10,0,0,3),(58,'2025-06-23 19:00:00','2025-06-23 20:00:00',40,0,10,0,0,3),(59,'2025-06-23 20:00:00','2025-06-23 21:00:00',40,0,10,0,0,3),(60,'2025-06-23 21:00:00','2025-06-23 22:00:00',40,0,10,0,0,3),(61,'2025-06-16 12:00:00','2025-06-16 13:00:00',40,0,10,0,0,3),(62,'2025-06-16 13:00:00','2025-06-16 14:00:00',40,0,10,0,0,3),(63,'2025-06-16 14:00:00','2025-06-16 15:00:00',40,0,10,0,0,3),(64,'2025-06-16 15:00:00','2025-06-16 16:00:00',40,0,10,0,0,3),(65,'2025-06-16 16:00:00','2025-06-16 17:00:00',40,0,10,0,0,3),(66,'2025-06-16 17:00:00','2025-06-16 18:00:00',40,0,10,0,0,3),(67,'2025-06-16 18:00:00','2025-06-16 19:00:00',40,0,10,0,0,3),(68,'2025-06-16 19:00:00','2025-06-16 20:00:00',40,0,10,0,0,3),(69,'2025-06-16 20:00:00','2025-06-16 21:00:00',40,0,10,0,0,3),(70,'2025-06-16 21:00:00','2025-06-16 22:00:00',40,0,10,0,0,3),(71,'2025-06-09 12:00:00','2025-06-09 13:00:00',40,0,10,0,0,3),(72,'2025-06-09 13:00:00','2025-06-09 14:00:00',40,0,10,0,0,3),(73,'2025-06-09 14:00:00','2025-06-09 15:00:00',40,0,10,0,0,3),(74,'2025-06-09 15:00:00','2025-06-09 16:00:00',40,0,10,0,0,3),(75,'2025-06-09 16:00:00','2025-06-09 17:00:00',40,0,10,0,0,3),(76,'2025-06-09 17:00:00','2025-06-09 18:00:00',40,0,10,0,0,3),(77,'2025-06-09 18:00:00','2025-06-09 19:00:00',40,0,10,0,0,3),(78,'2025-06-09 19:00:00','2025-06-09 20:00:00',40,0,10,0,0,3),(79,'2025-06-09 20:00:00','2025-06-09 21:00:00',40,0,10,0,0,3),(80,'2025-06-09 21:00:00','2025-06-09 22:00:00',40,0,10,0,0,3),(81,'2025-06-02 12:00:00','2025-06-02 13:00:00',40,0,10,0,0,3),(82,'2025-06-02 13:00:00','2025-06-02 14:00:00',40,0,10,0,0,3),(83,'2025-06-02 14:00:00','2025-06-02 15:00:00',40,0,10,0,0,3),(84,'2025-06-02 15:00:00','2025-06-02 16:00:00',40,0,10,0,0,3),(85,'2025-06-02 16:00:00','2025-06-02 17:00:00',40,0,10,0,0,3),(86,'2025-06-02 17:00:00','2025-06-02 18:00:00',40,0,10,0,0,3),(87,'2025-06-02 18:00:00','2025-06-02 19:00:00',40,0,10,0,0,3),(88,'2025-06-02 19:00:00','2025-06-02 20:00:00',40,0,10,0,0,3),(89,'2025-06-02 20:00:00','2025-06-02 21:00:00',40,0,10,0,0,3),(90,'2025-06-02 21:00:00','2025-06-02 22:00:00',40,0,10,0,0,3),(91,'2025-07-29 12:00:00','2025-07-29 13:00:00',40,0,10,0,0,3),(92,'2025-07-29 13:00:00','2025-07-29 14:00:00',40,0,10,0,0,3),(93,'2025-07-29 14:00:00','2025-07-29 15:00:00',40,0,10,0,0,3),(94,'2025-07-29 15:00:00','2025-07-29 16:00:00',40,0,10,0,0,3),(95,'2025-07-29 16:00:00','2025-07-29 17:00:00',40,0,10,0,0,3),(96,'2025-07-29 17:00:00','2025-07-29 18:00:00',40,0,10,0,0,3),(97,'2025-07-29 18:00:00','2025-07-29 19:00:00',40,0,10,0,0,3),(98,'2025-07-29 19:00:00','2025-07-29 20:00:00',40,0,10,0,0,3),(99,'2025-07-29 20:00:00','2025-07-29 21:00:00',40,0,10,0,0,3),(100,'2025-07-29 21:00:00','2025-07-29 22:00:00',40,0,10,0,0,3),(101,'2025-07-22 12:00:00','2025-07-22 13:00:00',40,0,10,0,0,3),(102,'2025-07-22 13:00:00','2025-07-22 14:00:00',40,0,10,0,0,3),(103,'2025-07-22 14:00:00','2025-07-22 15:00:00',40,0,10,0,0,3),(104,'2025-07-22 15:00:00','2025-07-22 16:00:00',40,0,10,0,0,3),(105,'2025-07-22 16:00:00','2025-07-22 17:00:00',40,0,10,0,0,3),(106,'2025-07-22 17:00:00','2025-07-22 18:00:00',40,0,10,0,0,3),(107,'2025-07-22 18:00:00','2025-07-22 19:00:00',40,0,10,0,0,3),(108,'2025-07-22 19:00:00','2025-07-22 20:00:00',40,0,10,0,0,3),(109,'2025-07-22 20:00:00','2025-07-22 21:00:00',40,0,10,0,0,3),(110,'2025-07-22 21:00:00','2025-07-22 22:00:00',40,0,10,0,0,3),(111,'2025-07-15 12:00:00','2025-07-15 13:00:00',40,0,10,0,0,3),(112,'2025-07-15 13:00:00','2025-07-15 14:00:00',40,0,10,0,0,3),(113,'2025-07-15 14:00:00','2025-07-15 15:00:00',40,0,10,0,0,3),(114,'2025-07-15 15:00:00','2025-07-15 16:00:00',40,0,10,0,0,3),(115,'2025-07-15 16:00:00','2025-07-15 17:00:00',40,0,10,0,0,3),(116,'2025-07-15 17:00:00','2025-07-15 18:00:00',40,0,10,0,0,3),(117,'2025-07-15 18:00:00','2025-07-15 19:00:00',40,0,10,0,0,3),(118,'2025-07-15 19:00:00','2025-07-15 20:00:00',40,0,10,0,0,3),(119,'2025-07-15 20:00:00','2025-07-15 21:00:00',40,0,10,0,0,3),(120,'2025-07-15 21:00:00','2025-07-15 22:00:00',40,0,10,0,0,3),(121,'2025-07-08 12:00:00','2025-07-08 13:00:00',40,0,10,0,0,3),(122,'2025-07-08 13:00:00','2025-07-08 14:00:00',40,0,10,0,0,3),(123,'2025-07-08 14:00:00','2025-07-08 15:00:00',40,0,10,0,0,3),(124,'2025-07-08 15:00:00','2025-07-08 16:00:00',40,0,10,0,0,3),(125,'2025-07-08 16:00:00','2025-07-08 17:00:00',40,0,10,0,0,3),(126,'2025-07-08 17:00:00','2025-07-08 18:00:00',40,0,10,0,0,3),(127,'2025-07-08 18:00:00','2025-07-08 19:00:00',40,0,10,0,0,3),(128,'2025-07-08 19:00:00','2025-07-08 20:00:00',40,0,10,0,0,3),(129,'2025-07-08 20:00:00','2025-07-08 21:00:00',40,0,10,0,0,3),(130,'2025-07-08 21:00:00','2025-07-08 22:00:00',40,0,10,0,0,3),(131,'2025-07-01 12:00:00','2025-07-01 13:00:00',40,0,10,0,0,3),(132,'2025-07-01 13:00:00','2025-07-01 14:00:00',40,0,10,0,0,3),(133,'2025-07-01 14:00:00','2025-07-01 15:00:00',40,0,10,0,0,3),(134,'2025-07-01 15:00:00','2025-07-01 16:00:00',40,0,10,0,0,3),(135,'2025-07-01 16:00:00','2025-07-01 17:00:00',40,0,10,0,0,3),(136,'2025-07-01 17:00:00','2025-07-01 18:00:00',40,0,10,0,0,3),(137,'2025-07-01 18:00:00','2025-07-01 19:00:00',40,0,10,0,0,3),(138,'2025-07-01 19:00:00','2025-07-01 20:00:00',40,0,10,0,0,3),(139,'2025-07-01 20:00:00','2025-07-01 21:00:00',40,0,10,0,0,3),(140,'2025-07-01 21:00:00','2025-07-01 22:00:00',40,0,10,0,0,3),(141,'2025-06-24 12:00:00','2025-06-24 13:00:00',40,4,10,0,0,3),(142,'2025-06-24 13:00:00','2025-06-24 14:00:00',40,0,10,0,0,3),(143,'2025-06-24 14:00:00','2025-06-24 15:00:00',40,0,10,0,0,3),(144,'2025-06-24 15:00:00','2025-06-24 16:00:00',40,0,10,0,0,3),(145,'2025-06-24 16:00:00','2025-06-24 17:00:00',40,0,10,0,0,3),(146,'2025-06-24 17:00:00','2025-06-24 18:00:00',40,0,10,0,0,3),(147,'2025-06-24 18:00:00','2025-06-24 19:00:00',40,0,10,0,0,3),(148,'2025-06-24 19:00:00','2025-06-24 20:00:00',40,0,10,0,0,3),(149,'2025-06-24 20:00:00','2025-06-24 21:00:00',40,0,10,0,0,3),(150,'2025-06-24 21:00:00','2025-06-24 22:00:00',40,0,10,0,0,3),(151,'2025-06-17 12:00:00','2025-06-17 13:00:00',40,0,10,0,0,3),(152,'2025-06-17 13:00:00','2025-06-17 14:00:00',40,0,10,0,0,3),(153,'2025-06-17 14:00:00','2025-06-17 15:00:00',40,0,10,0,0,3),(154,'2025-06-17 15:00:00','2025-06-17 16:00:00',40,0,10,0,0,3),(155,'2025-06-17 16:00:00','2025-06-17 17:00:00',40,0,10,0,0,3),(156,'2025-06-17 17:00:00','2025-06-17 18:00:00',40,0,10,0,0,3),(157,'2025-06-17 18:00:00','2025-06-17 19:00:00',40,0,10,0,0,3),(158,'2025-06-17 19:00:00','2025-06-17 20:00:00',40,0,10,0,0,3),(159,'2025-06-17 20:00:00','2025-06-17 21:00:00',40,0,10,0,0,3),(160,'2025-06-17 21:00:00','2025-06-17 22:00:00',40,0,10,0,0,3),(161,'2025-06-10 12:00:00','2025-06-10 13:00:00',40,0,10,0,0,3),(162,'2025-06-10 13:00:00','2025-06-10 14:00:00',40,0,10,0,0,3),(163,'2025-06-10 14:00:00','2025-06-10 15:00:00',40,0,10,0,0,3),(164,'2025-06-10 15:00:00','2025-06-10 16:00:00',40,0,10,0,0,3),(165,'2025-06-10 16:00:00','2025-06-10 17:00:00',40,0,10,0,0,3),(166,'2025-06-10 17:00:00','2025-06-10 18:00:00',40,0,10,0,0,3),(167,'2025-06-10 18:00:00','2025-06-10 19:00:00',40,0,10,0,0,3),(168,'2025-06-10 19:00:00','2025-06-10 20:00:00',40,0,10,0,0,3),(169,'2025-06-10 20:00:00','2025-06-10 21:00:00',40,0,10,0,0,3),(170,'2025-06-10 21:00:00','2025-06-10 22:00:00',40,0,10,0,0,3),(171,'2025-06-03 12:00:00','2025-06-03 13:00:00',40,0,10,0,0,3),(172,'2025-06-03 13:00:00','2025-06-03 14:00:00',40,0,10,0,0,3),(173,'2025-06-03 14:00:00','2025-06-03 15:00:00',40,0,10,0,0,3),(174,'2025-06-03 15:00:00','2025-06-03 16:00:00',40,0,10,0,0,3),(175,'2025-06-03 16:00:00','2025-06-03 17:00:00',40,0,10,0,0,3),(176,'2025-06-03 17:00:00','2025-06-03 18:00:00',40,0,10,0,0,3),(177,'2025-06-03 18:00:00','2025-06-03 19:00:00',40,0,10,0,0,3),(178,'2025-06-03 19:00:00','2025-06-03 20:00:00',40,0,10,0,0,3),(179,'2025-06-03 20:00:00','2025-06-03 21:00:00',40,0,10,0,0,3),(180,'2025-06-03 21:00:00','2025-06-03 22:00:00',40,0,10,0,0,3),(181,'2025-06-11 13:00:00','2025-06-11 14:00:00',44,0,11,0,0,3),(182,'2025-07-30 12:00:00','2025-07-30 13:00:00',40,0,10,0,0,3),(183,'2025-07-30 13:00:00','2025-07-30 14:00:00',40,0,10,0,0,3),(184,'2025-07-30 14:00:00','2025-07-30 15:00:00',40,0,10,0,0,3),(185,'2025-07-30 15:00:00','2025-07-30 16:00:00',40,0,10,0,0,3),(186,'2025-07-30 16:00:00','2025-07-30 17:00:00',40,0,10,0,0,3),(187,'2025-07-30 17:00:00','2025-07-30 18:00:00',40,0,10,0,0,3),(188,'2025-07-30 18:00:00','2025-07-30 19:00:00',40,0,10,0,0,3),(189,'2025-07-30 19:00:00','2025-07-30 20:00:00',40,0,10,0,0,3),(190,'2025-07-30 20:00:00','2025-07-30 21:00:00',40,0,10,0,0,3),(191,'2025-07-30 21:00:00','2025-07-30 22:00:00',40,0,10,0,0,3),(192,'2025-07-23 12:00:00','2025-07-23 13:00:00',40,0,10,0,0,3),(193,'2025-07-23 13:00:00','2025-07-23 14:00:00',40,0,10,0,0,3),(194,'2025-07-23 14:00:00','2025-07-23 15:00:00',40,0,10,0,0,3),(195,'2025-07-23 15:00:00','2025-07-23 16:00:00',40,0,10,0,0,3),(196,'2025-07-23 16:00:00','2025-07-23 17:00:00',40,0,10,0,0,3),(197,'2025-07-23 17:00:00','2025-07-23 18:00:00',40,0,10,0,0,3),(198,'2025-07-23 18:00:00','2025-07-23 19:00:00',40,0,10,0,0,3),(199,'2025-07-23 19:00:00','2025-07-23 20:00:00',40,0,10,0,0,3),(200,'2025-07-23 20:00:00','2025-07-23 21:00:00',40,0,10,0,0,3),(201,'2025-07-23 21:00:00','2025-07-23 22:00:00',40,0,10,0,0,3),(202,'2025-07-16 12:00:00','2025-07-16 13:00:00',40,0,10,0,0,3),(203,'2025-07-16 13:00:00','2025-07-16 14:00:00',40,0,10,0,0,3),(204,'2025-07-16 14:00:00','2025-07-16 15:00:00',40,0,10,0,0,3),(205,'2025-07-16 15:00:00','2025-07-16 16:00:00',40,0,10,0,0,3),(206,'2025-07-16 16:00:00','2025-07-16 17:00:00',40,0,10,0,0,3),(207,'2025-07-16 17:00:00','2025-07-16 18:00:00',40,0,10,0,0,3),(208,'2025-07-16 18:00:00','2025-07-16 19:00:00',40,0,10,0,0,3),(209,'2025-07-16 19:00:00','2025-07-16 20:00:00',40,0,10,0,0,3),(210,'2025-07-16 20:00:00','2025-07-16 21:00:00',40,0,10,0,0,3),(211,'2025-07-16 21:00:00','2025-07-16 22:00:00',40,0,10,0,0,3),(212,'2025-07-09 12:00:00','2025-07-09 13:00:00',40,0,10,0,0,3),(213,'2025-07-09 13:00:00','2025-07-09 14:00:00',40,0,10,0,0,3),(214,'2025-07-09 14:00:00','2025-07-09 15:00:00',40,0,10,0,0,3),(215,'2025-07-09 15:00:00','2025-07-09 16:00:00',40,0,10,0,0,3),(216,'2025-07-09 16:00:00','2025-07-09 17:00:00',40,0,10,0,0,3),(217,'2025-07-09 17:00:00','2025-07-09 18:00:00',40,0,10,0,0,3),(218,'2025-07-09 18:00:00','2025-07-09 19:00:00',40,0,10,0,0,3),(219,'2025-07-09 19:00:00','2025-07-09 20:00:00',40,0,10,0,0,3),(220,'2025-07-09 20:00:00','2025-07-09 21:00:00',40,0,10,0,0,3),(221,'2025-07-09 21:00:00','2025-07-09 22:00:00',40,0,10,0,0,3),(222,'2025-07-02 12:00:00','2025-07-02 13:00:00',40,0,10,0,0,3),(223,'2025-07-02 13:00:00','2025-07-02 14:00:00',40,0,10,0,0,3),(224,'2025-07-02 14:00:00','2025-07-02 15:00:00',40,0,10,0,0,3),(225,'2025-07-02 15:00:00','2025-07-02 16:00:00',40,0,10,0,0,3),(226,'2025-07-02 16:00:00','2025-07-02 17:00:00',40,0,10,0,0,3),(227,'2025-07-02 17:00:00','2025-07-02 18:00:00',40,0,10,0,0,3),(228,'2025-07-02 18:00:00','2025-07-02 19:00:00',40,0,10,0,0,3),(229,'2025-07-02 19:00:00','2025-07-02 20:00:00',40,0,10,0,0,3),(230,'2025-07-02 20:00:00','2025-07-02 21:00:00',40,0,10,0,0,3),(231,'2025-07-02 21:00:00','2025-07-02 22:00:00',40,0,10,0,0,3),(232,'2025-06-25 12:00:00','2025-06-25 13:00:00',40,5,10,0,0,3),(233,'2025-06-25 13:00:00','2025-06-25 14:00:00',40,0,10,0,0,3),(234,'2025-06-25 14:00:00','2025-06-25 15:00:00',40,0,10,0,0,3),(235,'2025-06-25 15:00:00','2025-06-25 16:00:00',40,0,10,0,0,3),(236,'2025-06-25 16:00:00','2025-06-25 17:00:00',40,0,10,0,0,3),(237,'2025-06-25 17:00:00','2025-06-25 18:00:00',40,0,10,0,0,3),(238,'2025-06-25 18:00:00','2025-06-25 19:00:00',40,0,10,0,0,3),(239,'2025-06-25 19:00:00','2025-06-25 20:00:00',40,0,10,0,0,3),(240,'2025-06-25 20:00:00','2025-06-25 21:00:00',40,0,10,0,0,3),(241,'2025-06-25 21:00:00','2025-06-25 22:00:00',40,0,10,0,0,3),(242,'2025-06-18 12:00:00','2025-06-18 13:00:00',40,0,10,0,0,3),(243,'2025-06-18 13:00:00','2025-06-18 14:00:00',40,0,10,0,0,3),(244,'2025-06-18 14:00:00','2025-06-18 15:00:00',40,0,10,0,0,3),(245,'2025-06-18 15:00:00','2025-06-18 16:00:00',40,0,10,0,0,3),(246,'2025-06-18 16:00:00','2025-06-18 17:00:00',40,0,10,0,0,3),(247,'2025-06-18 17:00:00','2025-06-18 18:00:00',40,0,10,0,0,3),(248,'2025-06-18 18:00:00','2025-06-18 19:00:00',40,0,10,0,0,3),(249,'2025-06-18 19:00:00','2025-06-18 20:00:00',40,0,10,0,0,3),(250,'2025-06-18 20:00:00','2025-06-18 21:00:00',40,0,10,0,0,3),(251,'2025-06-18 21:00:00','2025-06-18 22:00:00',40,0,10,0,0,3),(252,'2025-06-11 12:00:00','2025-06-11 13:00:00',40,0,10,0,0,3),(253,'2025-06-11 14:00:00','2025-06-11 15:00:00',40,0,10,0,0,3),(254,'2025-06-11 15:00:00','2025-06-11 16:00:00',40,0,10,0,0,3),(255,'2025-06-11 16:00:00','2025-06-11 17:00:00',40,0,10,0,0,3),(256,'2025-06-11 17:00:00','2025-06-11 18:00:00',40,0,10,0,0,3),(257,'2025-06-11 18:00:00','2025-06-11 19:00:00',40,0,10,0,0,3),(258,'2025-06-11 19:00:00','2025-06-11 20:00:00',40,0,10,0,0,3),(259,'2025-06-11 20:00:00','2025-06-11 21:00:00',40,0,10,0,0,3),(260,'2025-06-11 21:00:00','2025-06-11 22:00:00',40,0,10,0,0,3),(261,'2025-06-04 12:00:00','2025-06-04 13:00:00',40,0,10,0,0,3),(262,'2025-06-04 13:00:00','2025-06-04 14:00:00',40,0,10,0,0,3),(263,'2025-06-04 14:00:00','2025-06-04 15:00:00',40,0,10,0,0,3),(264,'2025-06-04 15:00:00','2025-06-04 16:00:00',40,0,10,0,0,3),(265,'2025-06-04 16:00:00','2025-06-04 17:00:00',40,0,10,0,0,3),(266,'2025-06-04 17:00:00','2025-06-04 18:00:00',40,0,10,0,0,3),(267,'2025-06-04 18:00:00','2025-06-04 19:00:00',40,0,10,0,0,3),(268,'2025-06-04 19:00:00','2025-06-04 20:00:00',40,0,10,0,0,3),(269,'2025-06-04 20:00:00','2025-06-04 21:00:00',40,0,10,0,0,3),(270,'2025-06-04 21:00:00','2025-06-04 22:00:00',40,0,10,0,0,3),(271,'2025-07-31 12:00:00','2025-07-31 13:00:00',40,0,10,0,0,3),(272,'2025-07-31 13:00:00','2025-07-31 14:00:00',40,0,10,0,0,3),(273,'2025-07-31 14:00:00','2025-07-31 15:00:00',40,0,10,0,0,3),(274,'2025-07-31 15:00:00','2025-07-31 16:00:00',40,0,10,0,0,3),(275,'2025-07-31 16:00:00','2025-07-31 17:00:00',40,0,10,0,0,3),(276,'2025-07-31 17:00:00','2025-07-31 18:00:00',40,0,10,0,0,3),(277,'2025-07-31 18:00:00','2025-07-31 19:00:00',40,0,10,0,0,3),(278,'2025-07-31 19:00:00','2025-07-31 20:00:00',40,0,10,0,0,3),(279,'2025-07-31 20:00:00','2025-07-31 21:00:00',40,0,10,0,0,3),(280,'2025-07-31 21:00:00','2025-07-31 22:00:00',40,0,10,0,0,3),(281,'2025-07-24 12:00:00','2025-07-24 13:00:00',40,0,10,0,0,3),(282,'2025-07-24 13:00:00','2025-07-24 14:00:00',40,0,10,0,0,3),(283,'2025-07-24 14:00:00','2025-07-24 15:00:00',40,0,10,0,0,3),(284,'2025-07-24 15:00:00','2025-07-24 16:00:00',40,0,10,0,0,3),(285,'2025-07-24 16:00:00','2025-07-24 17:00:00',40,0,10,0,0,3),(286,'2025-07-24 17:00:00','2025-07-24 18:00:00',40,0,10,0,0,3),(287,'2025-07-24 18:00:00','2025-07-24 19:00:00',40,0,10,0,0,3),(288,'2025-07-24 19:00:00','2025-07-24 20:00:00',40,0,10,0,0,3),(289,'2025-07-24 20:00:00','2025-07-24 21:00:00',40,0,10,0,0,3),(290,'2025-07-24 21:00:00','2025-07-24 22:00:00',40,0,10,0,0,3),(291,'2025-07-17 12:00:00','2025-07-17 13:00:00',40,0,10,0,0,3),(292,'2025-07-17 13:00:00','2025-07-17 14:00:00',40,0,10,0,0,3),(293,'2025-07-17 14:00:00','2025-07-17 15:00:00',40,0,10,0,0,3),(294,'2025-07-17 15:00:00','2025-07-17 16:00:00',40,0,10,0,0,3),(295,'2025-07-17 16:00:00','2025-07-17 17:00:00',40,0,10,0,0,3),(296,'2025-07-17 17:00:00','2025-07-17 18:00:00',40,0,10,0,0,3),(297,'2025-07-17 18:00:00','2025-07-17 19:00:00',40,0,10,0,0,3),(298,'2025-07-17 19:00:00','2025-07-17 20:00:00',40,0,10,0,0,3),(299,'2025-07-17 20:00:00','2025-07-17 21:00:00',40,0,10,0,0,3),(300,'2025-07-17 21:00:00','2025-07-17 22:00:00',40,0,10,0,0,3),(301,'2025-07-10 12:00:00','2025-07-10 13:00:00',40,0,10,0,0,3),(302,'2025-07-10 13:00:00','2025-07-10 14:00:00',40,0,10,0,0,3),(303,'2025-07-10 14:00:00','2025-07-10 15:00:00',40,0,10,0,0,3),(304,'2025-07-10 15:00:00','2025-07-10 16:00:00',40,0,10,0,0,3),(305,'2025-07-10 16:00:00','2025-07-10 17:00:00',40,0,10,0,0,3),(306,'2025-07-10 17:00:00','2025-07-10 18:00:00',40,0,10,0,0,3),(307,'2025-07-10 18:00:00','2025-07-10 19:00:00',40,0,10,0,0,3),(308,'2025-07-10 19:00:00','2025-07-10 20:00:00',40,0,10,0,0,3),(309,'2025-07-10 20:00:00','2025-07-10 21:00:00',40,0,10,0,0,3),(310,'2025-07-10 21:00:00','2025-07-10 22:00:00',40,0,10,0,0,3),(311,'2025-07-03 12:00:00','2025-07-03 13:00:00',40,0,10,0,0,3),(312,'2025-07-03 13:00:00','2025-07-03 14:00:00',40,0,10,0,0,3),(313,'2025-07-03 14:00:00','2025-07-03 15:00:00',40,0,10,0,0,3),(314,'2025-07-03 15:00:00','2025-07-03 16:00:00',40,0,10,0,0,3),(315,'2025-07-03 16:00:00','2025-07-03 17:00:00',40,0,10,0,0,3),(316,'2025-07-03 17:00:00','2025-07-03 18:00:00',40,0,10,0,0,3),(317,'2025-07-03 18:00:00','2025-07-03 19:00:00',40,0,10,0,0,3),(318,'2025-07-03 19:00:00','2025-07-03 20:00:00',40,0,10,0,0,3),(319,'2025-07-03 20:00:00','2025-07-03 21:00:00',40,0,10,0,0,3),(320,'2025-07-03 21:00:00','2025-07-03 22:00:00',40,0,10,0,0,3),(321,'2025-06-26 12:00:00','2025-06-26 13:00:00',40,0,10,0,0,3),(322,'2025-06-26 13:00:00','2025-06-26 14:00:00',40,0,10,0,0,3),(323,'2025-06-26 14:00:00','2025-06-26 15:00:00',40,0,10,0,0,3),(324,'2025-06-26 15:00:00','2025-06-26 16:00:00',40,0,10,0,0,3),(325,'2025-06-26 16:00:00','2025-06-26 17:00:00',40,0,10,0,0,3),(326,'2025-06-26 17:00:00','2025-06-26 18:00:00',40,0,10,0,0,3),(327,'2025-06-26 18:00:00','2025-06-26 19:00:00',40,10,10,0,0,3),(328,'2025-06-26 19:00:00','2025-06-26 20:00:00',40,0,10,0,0,3),(329,'2025-06-26 20:00:00','2025-06-26 21:00:00',40,0,10,0,0,3),(330,'2025-06-26 21:00:00','2025-06-26 22:00:00',40,0,10,0,0,3),(331,'2025-06-19 12:00:00','2025-06-19 13:00:00',48,0,12,0,0,3),(332,'2025-06-19 13:00:00','2025-06-19 14:00:00',40,0,10,0,0,3),(333,'2025-06-19 14:00:00','2025-06-19 15:00:00',40,0,10,0,0,3),(334,'2025-06-19 15:00:00','2025-06-19 16:00:00',40,0,10,0,0,3),(335,'2025-06-19 16:00:00','2025-06-19 17:00:00',40,0,10,0,0,3),(336,'2025-06-19 17:00:00','2025-06-19 18:00:00',40,0,10,0,0,3),(337,'2025-06-19 18:00:00','2025-06-19 19:00:00',40,0,10,0,0,3),(338,'2025-06-19 19:00:00','2025-06-19 20:00:00',40,0,10,0,0,3),(339,'2025-06-19 20:00:00','2025-06-19 21:00:00',40,0,10,0,0,3),(340,'2025-06-19 21:00:00','2025-06-19 22:00:00',40,0,10,0,0,3),(341,'2025-06-12 12:00:00','2025-06-12 13:00:00',40,0,10,0,0,3),(342,'2025-06-12 13:00:00','2025-06-12 14:00:00',40,0,10,0,0,3),(343,'2025-06-12 14:00:00','2025-06-12 15:00:00',40,0,10,0,0,3),(344,'2025-06-12 15:00:00','2025-06-12 16:00:00',40,0,10,0,0,3),(345,'2025-06-12 16:00:00','2025-06-12 17:00:00',40,0,10,0,0,3),(346,'2025-06-12 17:00:00','2025-06-12 18:00:00',40,0,10,0,0,3),(347,'2025-06-12 18:00:00','2025-06-12 19:00:00',40,0,10,0,0,3),(348,'2025-06-12 19:00:00','2025-06-12 20:00:00',40,0,10,0,0,3),(349,'2025-06-12 20:00:00','2025-06-12 21:00:00',40,0,10,0,0,3),(350,'2025-06-12 21:00:00','2025-06-12 22:00:00',40,0,10,0,0,3),(351,'2025-06-05 12:00:00','2025-06-05 13:00:00',48,0,12,0,0,3),(352,'2025-06-05 13:00:00','2025-06-05 14:00:00',40,0,10,0,0,3),(353,'2025-06-05 14:00:00','2025-06-05 15:00:00',40,0,10,0,0,3),(354,'2025-06-05 15:00:00','2025-06-05 16:00:00',40,0,10,0,0,3),(355,'2025-06-05 16:00:00','2025-06-05 17:00:00',40,0,10,0,0,3),(356,'2025-06-05 17:00:00','2025-06-05 18:00:00',40,0,10,0,0,3),(357,'2025-06-05 18:00:00','2025-06-05 19:00:00',40,0,10,0,0,3),(358,'2025-06-05 19:00:00','2025-06-05 20:00:00',40,0,10,0,0,3),(359,'2025-06-05 20:00:00','2025-06-05 21:00:00',40,0,10,0,0,3),(360,'2025-06-05 21:00:00','2025-06-05 22:00:00',40,0,10,0,0,3),(361,'2025-08-11 12:00:00','2025-08-11 22:00:00',40,0,10,0,0,3),(362,'2025-08-08 12:00:00','2025-08-08 13:00:00',40,0,10,0,0,3),(363,'2025-08-08 13:00:00','2025-08-08 14:00:00',40,0,10,0,0,3),(364,'2025-08-08 14:00:00','2025-08-08 15:00:00',40,0,10,0,0,3),(365,'2025-08-08 15:00:00','2025-08-08 16:00:00',40,0,10,0,0,3),(366,'2025-08-08 16:00:00','2025-08-08 17:00:00',40,0,10,0,0,3),(367,'2025-08-08 17:00:00','2025-08-08 18:00:00',40,0,10,0,0,3),(368,'2025-08-08 18:00:00','2025-08-08 19:00:00',40,0,10,0,0,3),(369,'2025-08-08 19:00:00','2025-08-08 20:00:00',40,0,10,0,0,3),(370,'2025-08-08 20:00:00','2025-08-08 21:00:00',40,0,10,0,0,3),(371,'2025-08-08 21:00:00','2025-08-08 22:00:00',40,0,10,0,0,3),(372,'2025-08-01 12:00:00','2025-08-01 13:00:00',40,0,10,0,0,3),(373,'2025-08-01 13:00:00','2025-08-01 14:00:00',40,0,10,0,0,3),(374,'2025-08-01 14:00:00','2025-08-01 15:00:00',40,0,10,0,0,3),(375,'2025-08-01 15:00:00','2025-08-01 16:00:00',40,0,10,0,0,3),(376,'2025-08-01 16:00:00','2025-08-01 17:00:00',40,0,10,0,0,3),(377,'2025-08-01 17:00:00','2025-08-01 18:00:00',40,0,10,0,0,3),(378,'2025-08-01 18:00:00','2025-08-01 19:00:00',40,0,10,0,0,3),(379,'2025-08-01 19:00:00','2025-08-01 20:00:00',40,0,10,0,0,3),(380,'2025-08-01 20:00:00','2025-08-01 21:00:00',40,0,10,0,0,3),(381,'2025-08-01 21:00:00','2025-08-01 22:00:00',40,0,10,0,0,3),(382,'2025-07-25 12:00:00','2025-07-25 13:00:00',40,0,10,0,0,3),(383,'2025-07-25 13:00:00','2025-07-25 14:00:00',40,0,10,0,0,3),(384,'2025-07-25 14:00:00','2025-07-25 15:00:00',40,0,10,0,0,3),(385,'2025-07-25 15:00:00','2025-07-25 16:00:00',40,0,10,0,0,3),(386,'2025-07-25 16:00:00','2025-07-25 17:00:00',40,0,10,0,0,3),(387,'2025-07-25 17:00:00','2025-07-25 18:00:00',40,0,10,0,0,3),(388,'2025-07-25 18:00:00','2025-07-25 19:00:00',40,0,10,0,0,3),(389,'2025-07-25 19:00:00','2025-07-25 20:00:00',40,0,10,0,0,3),(390,'2025-07-25 20:00:00','2025-07-25 21:00:00',40,0,10,0,0,3),(391,'2025-07-25 21:00:00','2025-07-25 22:00:00',40,0,10,0,0,3),(392,'2025-07-18 12:00:00','2025-07-18 13:00:00',40,0,10,0,0,3),(393,'2025-07-18 13:00:00','2025-07-18 14:00:00',40,0,10,0,0,3),(394,'2025-07-18 14:00:00','2025-07-18 15:00:00',40,0,10,0,0,3),(395,'2025-07-18 15:00:00','2025-07-18 16:00:00',40,0,10,0,0,3),(396,'2025-07-18 16:00:00','2025-07-18 17:00:00',40,0,10,0,0,3),(397,'2025-07-18 17:00:00','2025-07-18 18:00:00',40,0,10,0,0,3),(398,'2025-07-18 18:00:00','2025-07-18 19:00:00',40,0,10,0,0,3),(399,'2025-07-18 19:00:00','2025-07-18 20:00:00',40,0,10,0,0,3),(400,'2025-07-18 20:00:00','2025-07-18 21:00:00',40,0,10,0,0,3),(401,'2025-07-18 21:00:00','2025-07-18 22:00:00',40,0,10,0,0,3),(402,'2025-07-11 12:00:00','2025-07-11 13:00:00',40,0,10,0,0,3),(403,'2025-07-11 13:00:00','2025-07-11 14:00:00',40,0,10,0,0,3),(404,'2025-07-11 14:00:00','2025-07-11 15:00:00',40,0,10,0,0,3),(405,'2025-07-11 15:00:00','2025-07-11 16:00:00',40,0,10,0,0,3),(406,'2025-07-11 16:00:00','2025-07-11 17:00:00',40,0,10,0,0,3),(407,'2025-07-11 17:00:00','2025-07-11 18:00:00',40,0,10,0,0,3),(408,'2025-07-11 18:00:00','2025-07-11 19:00:00',40,0,10,0,0,3),(409,'2025-07-11 19:00:00','2025-07-11 20:00:00',40,0,10,0,0,3),(410,'2025-07-11 20:00:00','2025-07-11 21:00:00',40,0,10,0,0,3),(411,'2025-07-11 21:00:00','2025-07-11 22:00:00',40,0,10,0,0,3),(412,'2025-07-04 12:00:00','2025-07-04 13:00:00',40,0,10,0,0,3),(413,'2025-07-04 13:00:00','2025-07-04 14:00:00',40,0,10,0,0,3),(414,'2025-07-04 14:00:00','2025-07-04 15:00:00',40,0,10,0,0,3),(415,'2025-07-04 15:00:00','2025-07-04 16:00:00',40,0,10,0,0,3),(416,'2025-07-04 16:00:00','2025-07-04 17:00:00',40,0,10,0,0,3),(417,'2025-07-04 17:00:00','2025-07-04 18:00:00',40,0,10,0,0,3),(418,'2025-07-04 18:00:00','2025-07-04 19:00:00',40,0,10,0,0,3),(419,'2025-07-04 19:00:00','2025-07-04 20:00:00',40,0,10,0,0,3),(420,'2025-07-04 20:00:00','2025-07-04 21:00:00',40,0,10,0,0,3),(421,'2025-07-04 21:00:00','2025-07-04 22:00:00',40,0,10,0,0,3),(422,'2025-06-27 12:00:00','2025-06-27 13:00:00',40,0,10,0,0,3),(423,'2025-06-27 13:00:00','2025-06-27 14:00:00',40,0,10,0,0,3),(424,'2025-06-27 14:00:00','2025-06-27 15:00:00',40,0,10,0,0,3),(425,'2025-06-27 15:00:00','2025-06-27 16:00:00',40,0,10,0,0,3),(426,'2025-06-27 16:00:00','2025-06-27 17:00:00',40,0,10,0,0,3),(427,'2025-06-27 17:00:00','2025-06-27 18:00:00',40,0,10,0,0,3),(428,'2025-06-27 18:00:00','2025-06-27 19:00:00',40,0,10,0,0,3),(429,'2025-06-27 19:00:00','2025-06-27 20:00:00',40,0,10,0,0,3),(430,'2025-06-27 20:00:00','2025-06-27 21:00:00',40,0,10,0,0,3),(431,'2025-06-27 21:00:00','2025-06-27 22:00:00',40,0,10,0,0,3),(432,'2025-06-20 12:00:00','2025-06-20 13:00:00',40,0,10,0,0,3),(433,'2025-06-20 13:00:00','2025-06-20 14:00:00',40,0,10,0,0,3),(434,'2025-06-20 14:00:00','2025-06-20 15:00:00',40,0,10,0,0,3),(435,'2025-06-20 15:00:00','2025-06-20 16:00:00',44,0,11,0,0,3),(436,'2025-06-20 16:00:00','2025-06-20 17:00:00',40,0,10,0,0,3),(437,'2025-06-20 17:00:00','2025-06-20 18:00:00',40,0,10,0,0,3),(438,'2025-06-20 18:00:00','2025-06-20 19:00:00',40,0,10,0,0,3),(439,'2025-06-20 19:00:00','2025-06-20 20:00:00',40,0,10,0,0,3),(440,'2025-06-20 20:00:00','2025-06-20 21:00:00',40,0,10,0,0,3),(441,'2025-06-20 21:00:00','2025-06-20 22:00:00',40,0,10,0,0,3),(442,'2025-06-13 12:00:00','2025-06-13 13:00:00',40,0,10,0,0,3),(443,'2025-06-13 13:00:00','2025-06-13 14:00:00',40,0,10,0,0,3),(444,'2025-06-13 14:00:00','2025-06-13 15:00:00',40,0,10,0,0,3),(445,'2025-06-13 15:00:00','2025-06-13 16:00:00',40,0,10,0,0,3),(446,'2025-06-13 16:00:00','2025-06-13 17:00:00',40,0,10,0,0,3),(447,'2025-06-13 17:00:00','2025-06-13 18:00:00',40,0,10,0,0,3),(448,'2025-06-13 18:00:00','2025-06-13 19:00:00',40,0,10,0,0,3),(449,'2025-06-13 19:00:00','2025-06-13 20:00:00',40,0,10,0,0,3),(450,'2025-06-13 20:00:00','2025-06-13 21:00:00',40,0,10,0,0,3),(451,'2025-06-13 21:00:00','2025-06-13 22:00:00',40,0,10,0,0,3),(452,'2025-06-06 12:00:00','2025-06-06 13:00:00',40,0,10,0,0,3),(453,'2025-06-06 13:00:00','2025-06-06 14:00:00',40,0,10,0,0,3),(454,'2025-06-06 14:00:00','2025-06-06 15:00:00',40,0,10,0,0,3),(455,'2025-06-06 15:00:00','2025-06-06 16:00:00',40,0,10,0,0,3),(456,'2025-06-06 16:00:00','2025-06-06 17:00:00',40,0,10,0,0,3),(457,'2025-06-06 17:00:00','2025-06-06 18:00:00',40,0,10,0,0,3),(458,'2025-06-06 18:00:00','2025-06-06 19:00:00',40,0,10,0,0,3),(459,'2025-06-06 19:00:00','2025-06-06 20:00:00',40,0,10,0,0,3),(460,'2025-06-06 20:00:00','2025-06-06 21:00:00',40,0,10,0,0,3),(461,'2025-06-06 21:00:00','2025-06-06 22:00:00',40,0,10,0,0,3);
/*!40000 ALTER TABLE `businesshour` ENABLE KEYS */;
UNLOCK TABLES;

--
-- Table structure for table `businesshourtemplate`
--

DROP TABLE IF EXISTS `businesshourtemplate`;
/*!40101 SET @saved_cs_client     = @@character_set_client */;
/*!50503 SET character_set_client = utf8mb4 */;
CREATE TABLE `businesshourtemplate` (
  `bhd_num` int NOT NULL AUTO_INCREMENT,
  `bhd_date` enum('월','화','수','목','금','토','일') NOT NULL,
  `bhd_timeStart` time NOT NULL,
  `bhd_timeEnd` time NOT NULL,
  `bhd_seat` int NOT NULL,
  `bhd_table` int NOT NULL,
  `bhd_rt_num` int DEFAULT NULL,
  PRIMARY KEY (`bhd_num`),
  KEY `FK_Restaurant_TO_BusinessHourTemplate_1` (`bhd_rt_num`),
  CONSTRAINT `FK_Restaurant_TO_BusinessHourTemplate_1` FOREIGN KEY (`bhd_rt_num`) REFERENCES `restaurant` (`rt_num`)
) ENGINE=InnoDB AUTO_INCREMENT=51 DEFAULT CHARSET=utf8mb4 COLLATE=utf8mb4_0900_ai_ci;
/*!40101 SET character_set_client = @saved_cs_client */;

--
-- Dumping data for table `businesshourtemplate`
--

LOCK TABLES `businesshourtemplate` WRITE;
/*!40000 ALTER TABLE `businesshourtemplate` DISABLE KEYS */;
INSERT INTO `businesshourtemplate` VALUES (1,'월','12:00:00','13:00:00',40,10,3),(2,'월','13:00:00','14:00:00',40,10,3),(3,'월','14:00:00','15:00:00',40,10,3),(4,'월','15:00:00','16:00:00',40,10,3),(5,'월','16:00:00','17:00:00',40,10,3),(6,'월','17:00:00','18:00:00',40,10,3),(7,'월','18:00:00','19:00:00',40,10,3),(8,'월','19:00:00','20:00:00',40,10,3),(9,'월','20:00:00','21:00:00',40,10,3),(10,'월','21:00:00','22:00:00',40,10,3),(11,'화','12:00:00','13:00:00',40,10,3),(12,'화','13:00:00','14:00:00',40,10,3),(13,'화','14:00:00','15:00:00',40,10,3),(14,'화','15:00:00','16:00:00',40,10,3),(15,'화','16:00:00','17:00:00',40,10,3),(16,'화','17:00:00','18:00:00',40,10,3),(17,'화','18:00:00','19:00:00',40,10,3),(18,'화','19:00:00','20:00:00',40,10,3),(19,'화','20:00:00','21:00:00',40,10,3),(20,'화','21:00:00','22:00:00',40,10,3),(21,'수','12:00:00','13:00:00',40,10,3),(22,'수','13:00:00','14:00:00',40,10,3),(23,'수','14:00:00','15:00:00',40,10,3),(24,'수','15:00:00','16:00:00',40,10,3),(25,'수','16:00:00','17:00:00',40,10,3),(26,'수','17:00:00','18:00:00',40,10,3),(27,'수','18:00:00','19:00:00',40,10,3),(28,'수','19:00:00','20:00:00',40,10,3),(29,'수','20:00:00','21:00:00',40,10,3),(30,'수','21:00:00','22:00:00',40,10,3),(31,'목','12:00:00','13:00:00',40,10,3),(32,'목','13:00:00','14:00:00',40,10,3),(33,'목','14:00:00','15:00:00',40,10,3),(34,'목','15:00:00','16:00:00',40,10,3),(35,'목','16:00:00','17:00:00',40,10,3),(36,'목','17:00:00','18:00:00',40,10,3),(37,'목','18:00:00','19:00:00',40,10,3),(38,'목','19:00:00','20:00:00',40,10,3),(39,'목','20:00:00','21:00:00',40,10,3),(40,'목','21:00:00','22:00:00',40,10,3),(41,'금','12:00:00','13:00:00',40,10,3),(42,'금','13:00:00','14:00:00',40,10,3),(43,'금','14:00:00','15:00:00',40,10,3),(44,'금','15:00:00','16:00:00',40,10,3),(45,'금','16:00:00','17:00:00',40,10,3),(46,'금','17:00:00','18:00:00',40,10,3),(47,'금','18:00:00','19:00:00',40,10,3),(48,'금','19:00:00','20:00:00',40,10,3),(49,'금','20:00:00','21:00:00',40,10,3),(50,'금','21:00:00','22:00:00',40,10,3);
/*!40000 ALTER TABLE `businesshourtemplate` ENABLE KEYS */;
UNLOCK TABLES;

--
-- Table structure for table `cart`
--

DROP TABLE IF EXISTS `cart`;
/*!40101 SET @saved_cs_client     = @@character_set_client */;
/*!50503 SET character_set_client = utf8mb4 */;
CREATE TABLE `cart` (
  `cart_num` int NOT NULL AUTO_INCREMENT,
  `cart_MN_NUM` int NOT NULL,
  `cart_res_num` int DEFAULT NULL,
  PRIMARY KEY (`cart_num`),
  KEY `FK_MENU_TO_cart_1` (`cart_MN_NUM`),
  KEY `FK_Reservation_TO_cart_1` (`cart_res_num`),
  CONSTRAINT `FK_MENU_TO_cart_1` FOREIGN KEY (`cart_MN_NUM`) REFERENCES `menu` (`MN_NUM`),
  CONSTRAINT `FK_Reservation_TO_cart_1` FOREIGN KEY (`cart_res_num`) REFERENCES `reservation` (`res_num`)
) ENGINE=InnoDB AUTO_INCREMENT=2 DEFAULT CHARSET=utf8mb4 COLLATE=utf8mb4_0900_ai_ci;
/*!40101 SET character_set_client = @saved_cs_client */;

--
-- Dumping data for table `cart`
--

LOCK TABLES `cart` WRITE;
/*!40000 ALTER TABLE `cart` DISABLE KEYS */;
INSERT INTO `cart` VALUES (1,1,1);
/*!40000 ALTER TABLE `cart` ENABLE KEYS */;
UNLOCK TABLES;

--
-- Table structure for table `defaultrestime`
--

DROP TABLE IF EXISTS `defaultrestime`;
/*!40101 SET @saved_cs_client     = @@character_set_client */;
/*!50503 SET character_set_client = utf8mb4 */;
CREATE TABLE `defaultrestime` (
  `DRT_NUM` int NOT NULL AUTO_INCREMENT,
  `drt_rt_num` int NOT NULL,
  `drt_date` enum('월','화','수','목','금','토','일') NOT NULL,
  `drt_off` tinyint(1) NOT NULL,
  `drt_open` time DEFAULT NULL,
  `drt_close` time DEFAULT NULL,
  `drt_brstart` time DEFAULT NULL,
  `drt_brend` time DEFAULT NULL,
  `drt_loam` time DEFAULT NULL,
  `drt_lopm` time DEFAULT NULL,
  PRIMARY KEY (`DRT_NUM`),
  UNIQUE KEY `drt_rt_num` (`drt_rt_num`),
  CONSTRAINT `FK_Restaurant_TO_DefaultResTime_1` FOREIGN KEY (`drt_rt_num`) REFERENCES `restaurant` (`rt_num`)
) ENGINE=InnoDB AUTO_INCREMENT=2 DEFAULT CHARSET=utf8mb4 COLLATE=utf8mb4_0900_ai_ci;
/*!40101 SET character_set_client = @saved_cs_client */;

--
-- Dumping data for table `defaultrestime`
--

LOCK TABLES `defaultrestime` WRITE;
/*!40000 ALTER TABLE `defaultrestime` DISABLE KEYS */;
INSERT INTO `defaultrestime` VALUES (1,1,'수',0,'16:00:00','23:00:00',NULL,NULL,NULL,'22:00:00');
/*!40000 ALTER TABLE `defaultrestime` ENABLE KEYS */;
UNLOCK TABLES;

--
-- Table structure for table `detailfoodcategory`
--

DROP TABLE IF EXISTS `detailfoodcategory`;
/*!40101 SET @saved_cs_client     = @@character_set_client */;
/*!50503 SET character_set_client = utf8mb4 */;
CREATE TABLE `detailfoodcategory` (
  `dfc_num` int NOT NULL AUTO_INCREMENT,
  `dfc_sub` varchar(50) NOT NULL,
  `dfc_fc_num` int DEFAULT NULL,
  PRIMARY KEY (`dfc_num`),
  KEY `FK_FoodCategory_TO_DetailFoodCategory_1` (`dfc_fc_num`),
  CONSTRAINT `FK_FoodCategory_TO_DetailFoodCategory_1` FOREIGN KEY (`dfc_fc_num`) REFERENCES `foodcategory` (`fc_num`)
) ENGINE=InnoDB AUTO_INCREMENT=8 DEFAULT CHARSET=utf8mb4 COLLATE=utf8mb4_0900_ai_ci;
/*!40101 SET character_set_client = @saved_cs_client */;

--
-- Dumping data for table `detailfoodcategory`
--

LOCK TABLES `detailfoodcategory` WRITE;
/*!40000 ALTER TABLE `detailfoodcategory` DISABLE KEYS */;
INSERT INTO `detailfoodcategory` VALUES (1,'찌개류',1),(2,'초밥',2),(3,'다이닝',3),(4,'짜장',4),(5,'뷔페',5),(6,'베트남',6),(7,'카페',7);
/*!40000 ALTER TABLE `detailfoodcategory` ENABLE KEYS */;
UNLOCK TABLES;

--
-- Table structure for table `detailregion`
--

DROP TABLE IF EXISTS `detailregion`;
/*!40101 SET @saved_cs_client     = @@character_set_client */;
/*!50503 SET character_set_client = utf8mb4 */;
CREATE TABLE `detailregion` (
  `dreg_num` int NOT NULL AUTO_INCREMENT,
  `dreg_sub` varchar(50) NOT NULL,
  `dreg_reg_num` int DEFAULT NULL,
  PRIMARY KEY (`dreg_num`),
  KEY `FK_Region_TO_DetailRegion_1` (`dreg_reg_num`),
  CONSTRAINT `FK_Region_TO_DetailRegion_1` FOREIGN KEY (`dreg_reg_num`) REFERENCES `region` (`reg_num`)
) ENGINE=InnoDB AUTO_INCREMENT=43 DEFAULT CHARSET=utf8mb4 COLLATE=utf8mb4_0900_ai_ci;
/*!40101 SET character_set_client = @saved_cs_client */;

--
-- Dumping data for table `detailregion`
--

LOCK TABLES `detailregion` WRITE;
/*!40000 ALTER TABLE `detailregion` DISABLE KEYS */;
INSERT INTO `detailregion` VALUES (1,'강남/서초',1),(2,'잠실/송파/강동',1),(3,'여의도/영등포/강서',1),(4,'건대/성수/왕십리',1),(5,'종로/중구',1),(6,'홍대/합정/마포',1),(7,'용산/이태원/한남',1),(8,'성북/노량/중랑',1),(9,'구로/관악/동작',1),(10,'기타',1),(11,'경기 북부',2),(12,'의왕/안양/군포',2),(13,'용인/화성/평택',2),(14,'부천/시흥/안산',2),(15,'성남/하남',2),(16,'수원',2),(17,'인천',2),(18,'기타',2),(19,'부산',3),(20,'울산',3),(21,'경남',3),(22,'대구',3),(23,'경북',3),(24,'울산',3),(25,'기타',3),(26,'제주시',4),(27,'서귀포',4),(28,'기타',4),(29,'춘천',5),(30,'원주',5),(31,'강릉/속초',5),(32,'기타',5),(33,'대전',6),(34,'세종',6),(35,'충남',6),(36,'충북',6),(37,'기타',6),(38,'광주',7),(39,'전주',7),(40,'전남',7),(41,'전북',7),(42,'기타',7);
/*!40000 ALTER TABLE `detailregion` ENABLE KEYS */;
UNLOCK TABLES;

--
-- Table structure for table `facility`
--

DROP TABLE IF EXISTS `facility`;
/*!40101 SET @saved_cs_client     = @@character_set_client */;
/*!50503 SET character_set_client = utf8mb4 */;
CREATE TABLE `facility` (
  `fa_num` int NOT NULL AUTO_INCREMENT,
  `fa_name` varchar(50) NOT NULL,
  `fa_title` varchar(50) DEFAULT NULL,
  `fa_icon` varchar(255) DEFAULT NULL,
  PRIMARY KEY (`fa_num`)
) ENGINE=InnoDB AUTO_INCREMENT=7 DEFAULT CHARSET=utf8mb4 COLLATE=utf8mb4_0900_ai_ci;
/*!40101 SET character_set_client = @saved_cs_client */;

--
-- Dumping data for table `facility`
--

LOCK TABLES `facility` WRITE;
/*!40000 ALTER TABLE `facility` DISABLE KEYS */;
INSERT INTO `facility` VALUES (1,'무선인터넷','사용가능한 무선인터넷',NULL),(2,'단체석','단체석 이용시 문의','-925px -220px'),(3,'네이버페이','네이버페이','-80px -420px'),(4,'무선인터넷','무선인터넷','-257px -220px'),(5,'카드','카드','-80px -220px'),(6,'주차','주차','-988px -413px');
/*!40000 ALTER TABLE `facility` ENABLE KEYS */;
UNLOCK TABLES;

--
-- Table structure for table `file`
--

DROP TABLE IF EXISTS `file`;
/*!40101 SET @saved_cs_client     = @@character_set_client */;
/*!50503 SET character_set_client = utf8mb4 */;
CREATE TABLE `file` (
  `file_num` int NOT NULL AUTO_INCREMENT,
  `file_path` varchar(255) NOT NULL,
  `file_name` varchar(255) NOT NULL,
  `File_type` enum('REVIEW','RESTAURANTDETAIL','MENU') NOT NULL,
  `File_FOREIGN` int NOT NULL,
  `file_tag` enum('내부','외부','메뉴판','음식','기타') DEFAULT NULL,
  `FILE_RES_NUM` int NOT NULL DEFAULT '0',
  PRIMARY KEY (`file_num`)
) ENGINE=InnoDB AUTO_INCREMENT=14 DEFAULT CHARSET=utf8mb4 COLLATE=utf8mb4_0900_ai_ci;
/*!40101 SET character_set_client = @saved_cs_client */;

--
-- Dumping data for table `file`
--

LOCK TABLES `file` WRITE;
/*!40000 ALTER TABLE `file` DISABLE KEYS */;
INSERT INTO `file` VALUES (1,'','디폴트파일','REVIEW',1,'내부',0),(2,'','디폴트파일','RESTAURANTDETAIL',1,'내부',0),(3,'','디폴트파일','MENU',1,'내부',0),(7,'/2025/06/10/50486299-cf4d-4e47-b8d7-9b9a192fc9a9_샘플이미지(호텔뷔페).jpg','샘플이미지(호텔뷔페).jpg','RESTAURANTDETAIL',4,'내부',4),(8,'/2025/06/10/02c70e89-fda1-4a01-a0f8-48a0c6cee90b_샘픙이미지(스테이크).jpg','샘픙이미지(스테이크).jpg','RESTAURANTDETAIL',4,'내부',4),(9,'/2025/06/10/64a06a9c-7733-4d5b-82d0-07ea8067bdf7_샘플이미지(다이닝).jpg','샘플이미지(다이닝).jpg','RESTAURANTDETAIL',3,'내부',3),(10,'/2025/06/10/cf046107-d9ff-489d-b62c-3d27041d56d4_샘플이미지(호텔뷔페).jpg','샘플이미지(호텔뷔페).jpg','RESTAURANTDETAIL',3,'내부',3),(11,'/2025/06/10/97ffbdd7-9d47-40c7-b0fe-e84445ac420e_샘픙이미지(스테이크).jpg','샘픙이미지(스테이크).jpg','RESTAURANTDETAIL',3,'내부',3),(12,'/2025/06/10/52185ba7-c136-427e-888b-cf22d4133177_샘플이미지(된장찌개).jpg','샘플이미지(된장찌개).jpg','RESTAURANTDETAIL',3,'내부',3),(13,'/2025/06/10/04257583-bb9d-4c56-9735-907c6e86f2c5_샘플이미지(김치찌개).jpg','샘플이미지(김치찌개).jpg','RESTAURANTDETAIL',3,'내부',3);
/*!40000 ALTER TABLE `file` ENABLE KEYS */;
UNLOCK TABLES;

--
-- Table structure for table `foodcategory`
--

DROP TABLE IF EXISTS `foodcategory`;
/*!40101 SET @saved_cs_client     = @@character_set_client */;
/*!50503 SET character_set_client = utf8mb4 */;
CREATE TABLE `foodcategory` (
  `fc_num` int NOT NULL AUTO_INCREMENT,
  `fc_main` varchar(50) NOT NULL,
  PRIMARY KEY (`fc_num`)
) ENGINE=InnoDB AUTO_INCREMENT=8 DEFAULT CHARSET=utf8mb4 COLLATE=utf8mb4_0900_ai_ci;
/*!40101 SET character_set_client = @saved_cs_client */;

--
-- Dumping data for table `foodcategory`
--

LOCK TABLES `foodcategory` WRITE;
/*!40000 ALTER TABLE `foodcategory` DISABLE KEYS */;
INSERT INTO `foodcategory` VALUES (1,'한식'),(2,'일식'),(3,'양식'),(4,'중식'),(5,'뷔페/무한리필'),(6,'아시아'),(7,'카페');
/*!40000 ALTER TABLE `foodcategory` ENABLE KEYS */;
UNLOCK TABLES;

--
-- Table structure for table `menu`
--

DROP TABLE IF EXISTS `menu`;
/*!40101 SET @saved_cs_client     = @@character_set_client */;
/*!50503 SET character_set_client = utf8mb4 */;
CREATE TABLE `menu` (
  `MN_NUM` int NOT NULL AUTO_INCREMENT,
  `MN_NAME` varchar(50) NOT NULL,
  `MN_IMG` varchar(255) DEFAULT NULL,
  `MN_PRICE` int DEFAULT NULL,
  `MN_CONTENT` varchar(50) DEFAULT NULL,
  `MN_MT_NUM` int NOT NULL,
  `mn_rt_num` int DEFAULT NULL,
  `MN_DIV` varchar(50) DEFAULT NULL,
  PRIMARY KEY (`MN_NUM`),
  KEY `FK_MenuType_TO_MENU_1` (`MN_MT_NUM`),
  KEY `FK_Restaurant_TO_MENU_1` (`mn_rt_num`),
  CONSTRAINT `FK_MenuType_TO_MENU_1` FOREIGN KEY (`MN_MT_NUM`) REFERENCES `menutype` (`MT_NUM`),
  CONSTRAINT `FK_Restaurant_TO_MENU_1` FOREIGN KEY (`mn_rt_num`) REFERENCES `restaurant` (`rt_num`)
) ENGINE=InnoDB AUTO_INCREMENT=5 DEFAULT CHARSET=utf8mb4 COLLATE=utf8mb4_0900_ai_ci;
/*!40101 SET character_set_client = @saved_cs_client */;

--
-- Dumping data for table `menu`
--

LOCK TABLES `menu` WRITE;
/*!40000 ALTER TABLE `menu` DISABLE KEYS */;
INSERT INTO `menu` VALUES (1,'디폴트',NULL,10000,'디폴트',1,1,NULL),(2,'점심코스','menu/2.jpg',159900,'점심코스입니다.',1,3,'대표메뉴'),(3,'스페셜 저녁 코스','menu/3.jpg',199000,'저녁 코스입니다.',1,3,'대표메뉴'),(4,'포터하우스 스테이크','menu/4.jpg',189900,'1++(A9)한우 포터하우스 스테이크입니다.',1,3,'대표메뉴');
/*!40000 ALTER TABLE `menu` ENABLE KEYS */;
UNLOCK TABLES;

--
-- Table structure for table `menutype`
--

DROP TABLE IF EXISTS `menutype`;
/*!40101 SET @saved_cs_client     = @@character_set_client */;
/*!50503 SET character_set_client = utf8mb4 */;
CREATE TABLE `menutype` (
  `MT_NUM` int NOT NULL AUTO_INCREMENT,
  `MT_NAME` varchar(50) DEFAULT NULL,
  PRIMARY KEY (`MT_NUM`)
) ENGINE=InnoDB AUTO_INCREMENT=8 DEFAULT CHARSET=utf8mb4 COLLATE=utf8mb4_0900_ai_ci;
/*!40101 SET character_set_client = @saved_cs_client */;

--
-- Dumping data for table `menutype`
--

LOCK TABLES `menutype` WRITE;
/*!40000 ALTER TABLE `menutype` DISABLE KEYS */;
INSERT INTO `menutype` VALUES (1,'고기'),(2,'찌개류'),(3,'면류'),(4,'음료'),(5,'주류'),(6,'튀김류'),(7,'돈까스');
/*!40000 ALTER TABLE `menutype` ENABLE KEYS */;
UNLOCK TABLES;

--
-- Table structure for table `payment`
--

DROP TABLE IF EXISTS `payment`;
/*!40101 SET @saved_cs_client     = @@character_set_client */;
/*!50503 SET character_set_client = utf8mb4 */;
CREATE TABLE `payment` (
  `pay_num` int NOT NULL AUTO_INCREMENT,
  `pay_res_num` int DEFAULT NULL,
  `pay_method` varchar(50) DEFAULT NULL,
  `pay_amount` int DEFAULT NULL,
  `pay_status` enum('Y','N','C') DEFAULT NULL,
  `pay_time` datetime DEFAULT NULL,
  PRIMARY KEY (`pay_num`),
  KEY `FK_Reservation_TO_Payment_1` (`pay_res_num`),
  CONSTRAINT `FK_Reservation_TO_Payment_1` FOREIGN KEY (`pay_res_num`) REFERENCES `reservation` (`res_num`)
) ENGINE=InnoDB DEFAULT CHARSET=utf8mb4 COLLATE=utf8mb4_0900_ai_ci;
/*!40101 SET character_set_client = @saved_cs_client */;

--
-- Dumping data for table `payment`
--

LOCK TABLES `payment` WRITE;
/*!40000 ALTER TABLE `payment` DISABLE KEYS */;
/*!40000 ALTER TABLE `payment` ENABLE KEYS */;
UNLOCK TABLES;

--
-- Table structure for table `region`
--

DROP TABLE IF EXISTS `region`;
/*!40101 SET @saved_cs_client     = @@character_set_client */;
/*!50503 SET character_set_client = utf8mb4 */;
CREATE TABLE `region` (
  `reg_num` int NOT NULL AUTO_INCREMENT,
  `reg_main` varchar(50) NOT NULL,
  PRIMARY KEY (`reg_num`)
) ENGINE=InnoDB AUTO_INCREMENT=8 DEFAULT CHARSET=utf8mb4 COLLATE=utf8mb4_0900_ai_ci;
/*!40101 SET character_set_client = @saved_cs_client */;

--
-- Dumping data for table `region`
--

LOCK TABLES `region` WRITE;
/*!40000 ALTER TABLE `region` DISABLE KEYS */;
INSERT INTO `region` VALUES (1,'서울'),(2,'경기/인천'),(3,'경상'),(4,'제주'),(5,'강원'),(6,'충청'),(7,'전라');
/*!40000 ALTER TABLE `region` ENABLE KEYS */;
UNLOCK TABLES;

--
-- Table structure for table `rescoupon`
--

DROP TABLE IF EXISTS `rescoupon`;
/*!40101 SET @saved_cs_client     = @@character_set_client */;
/*!50503 SET character_set_client = utf8mb4 */;
CREATE TABLE `rescoupon` (
  `ReC_NUM` int NOT NULL AUTO_INCREMENT,
  `ReC_Content` longtext NOT NULL,
  `Rec_state` tinyint(1) NOT NULL,
  `REC_period` datetime DEFAULT NULL,
  `rec_rt_num` int DEFAULT NULL,
  PRIMARY KEY (`ReC_NUM`),
  KEY `FK_Restaurant_TO_ResCoupon_1` (`rec_rt_num`),
  CONSTRAINT `FK_Restaurant_TO_ResCoupon_1` FOREIGN KEY (`rec_rt_num`) REFERENCES `restaurant` (`rt_num`)
) ENGINE=InnoDB AUTO_INCREMENT=4 DEFAULT CHARSET=utf8mb4 COLLATE=utf8mb4_0900_ai_ci;
/*!40101 SET character_set_client = @saved_cs_client */;

--
-- Dumping data for table `rescoupon`
--

LOCK TABLES `rescoupon` WRITE;
/*!40000 ALTER TABLE `rescoupon` DISABLE KEYS */;
INSERT INTO `rescoupon` VALUES (1,'쿠폰설명',0,'2025-07-10 08:35:31',1),(2,'10% 할인 쿠폰',1,'2025-06-30 00:00:00',3),(3,'15% 할인 쿠폰',1,'2025-07-10 00:00:00',3);
/*!40000 ALTER TABLE `rescoupon` ENABLE KEYS */;
UNLOCK TABLES;

--
-- Table structure for table `reservation`
--

DROP TABLE IF EXISTS `reservation`;
/*!40101 SET @saved_cs_client     = @@character_set_client */;
/*!50503 SET character_set_client = utf8mb4 */;
CREATE TABLE `reservation` (
  `res_num` int NOT NULL AUTO_INCREMENT,
  `res_us_num` int NOT NULL,
  `res_rt_num` int DEFAULT NULL,
  `res_time` datetime NOT NULL,
  `res_person` int NOT NULL,
  `res_request` text NOT NULL,
  `res_created` datetime NOT NULL,
  `res_state` int NOT NULL,
  PRIMARY KEY (`res_num`),
  KEY `FK_User_TO_Reservation_1` (`res_us_num`),
  KEY `FK_Restaurant_TO_Reservation_1` (`res_rt_num`),
  CONSTRAINT `FK_Restaurant_TO_Reservation_1` FOREIGN KEY (`res_rt_num`) REFERENCES `restaurant` (`rt_num`),
  CONSTRAINT `FK_User_TO_Reservation_1` FOREIGN KEY (`res_us_num`) REFERENCES `user` (`us_num`)
) ENGINE=InnoDB AUTO_INCREMENT=8 DEFAULT CHARSET=utf8mb4 COLLATE=utf8mb4_0900_ai_ci;
/*!40101 SET character_set_client = @saved_cs_client */;

--
-- Dumping data for table `reservation`
--

LOCK TABLES `reservation` WRITE;
/*!40000 ALTER TABLE `reservation` DISABLE KEYS */;
INSERT INTO `reservation` VALUES (1,1,1,'2025-06-10 08:35:31',2,'요청사항','2025-06-10 08:35:31',1),(2,2,3,'2025-06-24 12:00:00',4,'요청사항입니다.','2025-06-10 08:35:31',1),(3,1,3,'2025-06-24 12:00:00',3,'잘못된 예약 입니다.','2025-06-10 09:08:00',-1),(4,2,3,'2025-06-25 12:00:00',5,'요청사항은 없어요.!!!!!!!','2025-06-10 14:15:50',1),(5,1,3,'2025-06-26 18:00:00',10,'테스트중.....','2025-06-11 10:32:48',1),(6,2,3,'2025-06-30 13:00:00',6,'테스트중2','2025-06-11 10:34:24',1),(7,1,3,'2025-07-01 12:00:00',1,'1234','2025-06-11 11:16:05',-1);
/*!40000 ALTER TABLE `reservation` ENABLE KEYS */;
UNLOCK TABLES;

--
-- Table structure for table `resnews`
--

DROP TABLE IF EXISTS `resnews`;
/*!40101 SET @saved_cs_client     = @@character_set_client */;
/*!50503 SET character_set_client = utf8mb4 */;
CREATE TABLE `resnews` (
  `RN_NUM` int NOT NULL AUTO_INCREMENT,
  `rn_rt_num` int DEFAULT NULL,
  `rn_content` longtext NOT NULL,
  `rn_state` tinyint(1) NOT NULL,
  PRIMARY KEY (`RN_NUM`),
  KEY `FK_Restaurant_TO_ResNews_1` (`rn_rt_num`),
  CONSTRAINT `FK_Restaurant_TO_ResNews_1` FOREIGN KEY (`rn_rt_num`) REFERENCES `restaurant` (`rt_num`)
) ENGINE=InnoDB AUTO_INCREMENT=4 DEFAULT CHARSET=utf8mb4 COLLATE=utf8mb4_0900_ai_ci;
/*!40101 SET character_set_client = @saved_cs_client */;

--
-- Dumping data for table `resnews`
--

LOCK TABLES `resnews` WRITE;
/*!40000 ALTER TABLE `resnews` DISABLE KEYS */;
INSERT INTO `resnews` VALUES (1,1,'매장소식',0),(2,3,'새로운 소식1',1),(3,3,'테스트123',1);
/*!40000 ALTER TABLE `resnews` ENABLE KEYS */;
UNLOCK TABLES;

--
-- Table structure for table `restaurant`
--

DROP TABLE IF EXISTS `restaurant`;
/*!40101 SET @saved_cs_client     = @@character_set_client */;
/*!50503 SET character_set_client = utf8mb4 */;
CREATE TABLE `restaurant` (
  `rt_num` int NOT NULL AUTO_INCREMENT,
  `rt_name` varchar(100) NOT NULL,
  `rt_closed_days` varchar(100) DEFAULT NULL,
  `rt_price_lunch` varchar(20) DEFAULT NULL,
  `rt_price_dinner` varchar(20) DEFAULT NULL,
  `rt_accept` enum('Y','N') NOT NULL,
  `rt_dfc_num` int DEFAULT NULL,
  `rt_dreg_num` int DEFAULT NULL,
  `rt_description` varchar(255) DEFAULT NULL,
  PRIMARY KEY (`rt_num`),
  KEY `FK_DetailFoodCategory_TO_Restaurant_1` (`rt_dfc_num`),
  KEY `FK_DetailRegion_TO_Restaurant_1` (`rt_dreg_num`),
  CONSTRAINT `FK_DetailFoodCategory_TO_Restaurant_1` FOREIGN KEY (`rt_dfc_num`) REFERENCES `detailfoodcategory` (`dfc_num`),
  CONSTRAINT `FK_DetailRegion_TO_Restaurant_1` FOREIGN KEY (`rt_dreg_num`) REFERENCES `detailregion` (`dreg_num`)
) ENGINE=InnoDB AUTO_INCREMENT=5 DEFAULT CHARSET=utf8mb4 COLLATE=utf8mb4_0900_ai_ci;
/*!40101 SET character_set_client = @saved_cs_client */;

--
-- Dumping data for table `restaurant`
--

LOCK TABLES `restaurant` WRITE;
/*!40000 ALTER TABLE `restaurant` DISABLE KEYS */;
INSERT INTO `restaurant` VALUES (1,'디폴트 매장','화요일','10000','20000','Y',1,1,'테스트용 매장'),(2,'디폴트 매장2','수요일','20000','30000','Y',2,2,'테스트용 매장2'),(3,'kh레스토랑','토요일, 일요일','100000','200000','Y',3,1,'레스토랑 입니다.'),(4,'kh레스토랑 용산점','토요일, 일요일','100000','200000','Y',3,7,'용산지점입니다.');
/*!40000 ALTER TABLE `restaurant` ENABLE KEYS */;
UNLOCK TABLES;

--
-- Table structure for table `restaurantdate`
--

DROP TABLE IF EXISTS `restaurantdate`;
/*!40101 SET @saved_cs_client     = @@character_set_client */;
/*!50503 SET character_set_client = utf8mb4 */;
CREATE TABLE `restaurantdate` (
  `rd_num` int NOT NULL AUTO_INCREMENT,
  `rd_rt_num` int DEFAULT NULL,
  `rd_day` varchar(50) DEFAULT NULL,
  `rd_time` varchar(50) DEFAULT NULL,
  `rd_type` enum('오전','오후','브레이크타임','라스트오더') DEFAULT NULL,
  PRIMARY KEY (`rd_num`),
  KEY `FK_Restaurant_TO_RestaurantDate_1` (`rd_rt_num`),
  CONSTRAINT `FK_Restaurant_TO_RestaurantDate_1` FOREIGN KEY (`rd_rt_num`) REFERENCES `restaurant` (`rt_num`)
) ENGINE=InnoDB DEFAULT CHARSET=utf8mb4 COLLATE=utf8mb4_0900_ai_ci;
/*!40101 SET character_set_client = @saved_cs_client */;

--
-- Dumping data for table `restaurantdate`
--

LOCK TABLES `restaurantdate` WRITE;
/*!40000 ALTER TABLE `restaurantdate` DISABLE KEYS */;
/*!40000 ALTER TABLE `restaurantdate` ENABLE KEYS */;
UNLOCK TABLES;

--
-- Table structure for table `restaurantdetail`
--

DROP TABLE IF EXISTS `restaurantdetail`;
/*!40101 SET @saved_cs_client     = @@character_set_client */;
/*!50503 SET character_set_client = utf8mb4 */;
CREATE TABLE `restaurantdetail` (
  `RD_NUM` int NOT NULL AUTO_INCREMENT,
  `rd_rt_num` int DEFAULT NULL,
  `rd_phone` varchar(255) DEFAULT NULL,
  `rd_closed_days` varchar(255) DEFAULT NULL,
  `rd_info` varchar(255) DEFAULT NULL,
  `rd_home` varchar(255) DEFAULT NULL,
  `rd_addr` varchar(255) DEFAULT NULL,
  PRIMARY KEY (`RD_NUM`),
  KEY `FK_Restaurant_TO_RestaurantDetail_1` (`rd_rt_num`),
  CONSTRAINT `FK_Restaurant_TO_RestaurantDetail_1` FOREIGN KEY (`rd_rt_num`) REFERENCES `restaurant` (`rt_num`)
) ENGINE=InnoDB AUTO_INCREMENT=4 DEFAULT CHARSET=utf8mb4 COLLATE=utf8mb4_0900_ai_ci;
/*!40101 SET character_set_client = @saved_cs_client */;

--
-- Dumping data for table `restaurantdetail`
--

LOCK TABLES `restaurantdetail` WRITE;
/*!40000 ALTER TABLE `restaurantdetail` DISABLE KEYS */;
INSERT INTO `restaurantdetail` VALUES (1,1,'010-2345-6789','화요일 휴무','디폴트 안내및 유의사항','디폴트 url','디폴트 주소'),(2,2,'010-2345-6700','수요일 휴무','디폴트 안내및 유의사항','www.naver.com','디폴트 주소2'),(3,3,'02-123-4567','토요일, 일요일','안내 및 유의사항 입니다.','http.test.kr.kh','서울시 강남구 역삼동');
/*!40000 ALTER TABLE `restaurantdetail` ENABLE KEYS */;
UNLOCK TABLES;

--
-- Table structure for table `restaurantfacility`
--

DROP TABLE IF EXISTS `restaurantfacility`;
/*!40101 SET @saved_cs_client     = @@character_set_client */;
/*!50503 SET character_set_client = utf8mb4 */;
CREATE TABLE `restaurantfacility` (
  `rf_num` int NOT NULL AUTO_INCREMENT,
  `rf_rt_num` int DEFAULT NULL,
  `rf_fa_num` int DEFAULT NULL,
  `rf_detail` longtext,
  PRIMARY KEY (`rf_num`),
  KEY `FK_Restaurant_TO_RestaurantFacility_1` (`rf_rt_num`),
  KEY `FK_Facility_TO_RestaurantFacility_1` (`rf_fa_num`),
  CONSTRAINT `FK_Facility_TO_RestaurantFacility_1` FOREIGN KEY (`rf_fa_num`) REFERENCES `facility` (`fa_num`),
  CONSTRAINT `FK_Restaurant_TO_RestaurantFacility_1` FOREIGN KEY (`rf_rt_num`) REFERENCES `restaurant` (`rt_num`)
) ENGINE=InnoDB AUTO_INCREMENT=6 DEFAULT CHARSET=utf8mb4 COLLATE=utf8mb4_0900_ai_ci;
/*!40101 SET character_set_client = @saved_cs_client */;

--
-- Dumping data for table `restaurantfacility`
--

LOCK TABLES `restaurantfacility` WRITE;
/*!40000 ALTER TABLE `restaurantfacility` DISABLE KEYS */;
INSERT INTO `restaurantfacility` VALUES (1,1,1,'와이파이 사용 가능(가게 문의)'),(2,3,1,'무제한 와이파이입니다.'),(3,3,2,'단체석은 전화로 문의해주시면 안내해드립니다.'),(4,3,3,'네이버 페이로 결제 가능합니다.'),(5,3,5,'카드 됩니다.');
/*!40000 ALTER TABLE `restaurantfacility` ENABLE KEYS */;
UNLOCK TABLES;

--
-- Table structure for table `restaurantmanager`
--

DROP TABLE IF EXISTS `restaurantmanager`;
/*!40101 SET @saved_cs_client     = @@character_set_client */;
/*!50503 SET character_set_client = utf8mb4 */;
CREATE TABLE `restaurantmanager` (
  `rm_num` int NOT NULL AUTO_INCREMENT,
  `rm_id` varchar(50) NOT NULL,
  `rm_pw` varchar(255) NOT NULL,
  `rm_email` varchar(100) NOT NULL,
  `rm_phone` varchar(20) NOT NULL,
  `rm_name` varchar(50) NOT NULL,
  `rm_business` varchar(30) NOT NULL,
  `rm_rt_num` int DEFAULT NULL,
  PRIMARY KEY (`rm_num`),
  KEY `FK_Restaurant_TO_RestaurantManager_1` (`rm_rt_num`),
  CONSTRAINT `FK_Restaurant_TO_RestaurantManager_1` FOREIGN KEY (`rm_rt_num`) REFERENCES `restaurant` (`rt_num`)
) ENGINE=InnoDB AUTO_INCREMENT=6 DEFAULT CHARSET=utf8mb4 COLLATE=utf8mb4_0900_ai_ci;
/*!40101 SET character_set_client = @saved_cs_client */;

--
-- Dumping data for table `restaurantmanager`
--

LOCK TABLES `restaurantmanager` WRITE;
/*!40000 ALTER TABLE `restaurantmanager` DISABLE KEYS */;
INSERT INTO `restaurantmanager` VALUES (1,'m123','$2a$10$qkMPBfY9Sk27YypLJHTyhu/fip4WOSxtnVA71aMQy3d0pzmZ3rrmu','rm@example.com','010-2345-6789','디폴트점주','000-00-00000',1),(2,'dbehd','$2a$10$tobeXtoNA8.L2lWVGFdKLelfC45bSND3nL9zsaHfV4Q.cIAnOpt2y','dbehd1@dbehd.db','010-1234-5678','ehdehd','123-45-67890',3),(3,'dbehdgns123','$2a$10$1AiWFZs0TyJgfF4pSLCnM.zVnEow0wlLzVlE7h5nnF3FAqMTE6CSq','dbehdgns123@kr.kh','010-1111-2222','훈동유','111-22-33333',4),(4,'dbehdgns12','$2a$10$tl8ScQjf9apdrBoAOCDwW.76HDMJV1ls5GoPYrC.atX02QbxZKoW2','dbehdgns12@kr.kh','010-1111-3333','유동','333-33-33333',NULL),(5,'test2','$2a$10$iIUzbuhOOXe2cscD0.RXAOsfMUtPFYr4BllS2LZkiLQdhig7w2gfG','test22222@kr.kh','010-2020-2020','테스트이','202-02-02020',NULL);
/*!40000 ALTER TABLE `restaurantmanager` ENABLE KEYS */;
UNLOCK TABLES;

--
-- Table structure for table `restauranttag`
--

DROP TABLE IF EXISTS `restauranttag`;
/*!40101 SET @saved_cs_client     = @@character_set_client */;
/*!50503 SET character_set_client = utf8mb4 */;
CREATE TABLE `restauranttag` (
  `Key` int NOT NULL AUTO_INCREMENT,
  `rt_num` int DEFAULT NULL,
  `tag_num` int DEFAULT NULL,
  PRIMARY KEY (`Key`),
  KEY `FK_Restaurant_TO_RestaurantTag_1` (`rt_num`),
  KEY `FK_Tag_TO_RestaurantTag_1` (`tag_num`),
  CONSTRAINT `FK_Restaurant_TO_RestaurantTag_1` FOREIGN KEY (`rt_num`) REFERENCES `restaurant` (`rt_num`),
  CONSTRAINT `FK_Tag_TO_RestaurantTag_1` FOREIGN KEY (`tag_num`) REFERENCES `tag` (`tag_num`)
) ENGINE=InnoDB AUTO_INCREMENT=3 DEFAULT CHARSET=utf8mb4 COLLATE=utf8mb4_0900_ai_ci;
/*!40101 SET character_set_client = @saved_cs_client */;

--
-- Dumping data for table `restauranttag`
--

LOCK TABLES `restauranttag` WRITE;
/*!40000 ALTER TABLE `restauranttag` DISABLE KEYS */;
INSERT INTO `restauranttag` VALUES (1,1,1),(2,1,2);
/*!40000 ALTER TABLE `restauranttag` ENABLE KEYS */;
UNLOCK TABLES;

--
-- Table structure for table `review`
--

DROP TABLE IF EXISTS `review`;
/*!40101 SET @saved_cs_client     = @@character_set_client */;
/*!50503 SET character_set_client = utf8mb4 */;
CREATE TABLE `review` (
  `rev_num` int NOT NULL AUTO_INCREMENT,
  `rev_us_num` int DEFAULT NULL,
  `rev_rt_num` int DEFAULT NULL,
  `rev_content` longtext,
  `rev_created` datetime NOT NULL,
  `rev_updated` datetime NOT NULL,
  `rev_state` int NOT NULL,
  `rev_visit` datetime DEFAULT NULL,
  `rev_visitor` int DEFAULT NULL,
  PRIMARY KEY (`rev_num`),
  KEY `FK_User_TO_Review_1` (`rev_us_num`),
  KEY `FK_Restaurant_TO_Review_1` (`rev_rt_num`),
  CONSTRAINT `FK_Restaurant_TO_Review_1` FOREIGN KEY (`rev_rt_num`) REFERENCES `restaurant` (`rt_num`),
  CONSTRAINT `FK_User_TO_Review_1` FOREIGN KEY (`rev_us_num`) REFERENCES `user` (`us_num`)
) ENGINE=InnoDB AUTO_INCREMENT=2 DEFAULT CHARSET=utf8mb4 COLLATE=utf8mb4_0900_ai_ci;
/*!40101 SET character_set_client = @saved_cs_client */;

--
-- Dumping data for table `review`
--

LOCK TABLES `review` WRITE;
/*!40000 ALTER TABLE `review` DISABLE KEYS */;
INSERT INTO `review` VALUES (1,1,1,'리뷰 내용','2025-06-10 08:35:31','2025-06-10 08:35:31',0,'2025-06-10 08:35:31',2);
/*!40000 ALTER TABLE `review` ENABLE KEYS */;
UNLOCK TABLES;

--
-- Table structure for table `reviewscore`
--

DROP TABLE IF EXISTS `reviewscore`;
/*!40101 SET @saved_cs_client     = @@character_set_client */;
/*!50503 SET character_set_client = utf8mb4 */;
CREATE TABLE `reviewscore` (
  `rs_num` int NOT NULL AUTO_INCREMENT,
  `rs_rev_num` int NOT NULL,
  `rs_st_num` int NOT NULL,
  `rs_score` int DEFAULT NULL,
  PRIMARY KEY (`rs_num`),
  KEY `FK_Review_TO_ReviewScore_1` (`rs_rev_num`),
  KEY `FK_ScoreType_TO_ReviewScore_1` (`rs_st_num`),
  CONSTRAINT `FK_Review_TO_ReviewScore_1` FOREIGN KEY (`rs_rev_num`) REFERENCES `review` (`rev_num`),
  CONSTRAINT `FK_ScoreType_TO_ReviewScore_1` FOREIGN KEY (`rs_st_num`) REFERENCES `scoretype` (`ST_NUM`)
) ENGINE=InnoDB AUTO_INCREMENT=5 DEFAULT CHARSET=utf8mb4 COLLATE=utf8mb4_0900_ai_ci;
/*!40101 SET character_set_client = @saved_cs_client */;

--
-- Dumping data for table `reviewscore`
--

LOCK TABLES `reviewscore` WRITE;
/*!40000 ALTER TABLE `reviewscore` DISABLE KEYS */;
INSERT INTO `reviewscore` VALUES (1,1,1,5),(2,1,2,4),(3,1,3,5),(4,1,4,3);
/*!40000 ALTER TABLE `reviewscore` ENABLE KEYS */;
UNLOCK TABLES;

--
-- Table structure for table `scoretype`
--

DROP TABLE IF EXISTS `scoretype`;
/*!40101 SET @saved_cs_client     = @@character_set_client */;
/*!50503 SET character_set_client = utf8mb4 */;
CREATE TABLE `scoretype` (
  `ST_NUM` int NOT NULL AUTO_INCREMENT,
  `ST_CATEGORY` varchar(50) NOT NULL,
  PRIMARY KEY (`ST_NUM`)
) ENGINE=InnoDB AUTO_INCREMENT=5 DEFAULT CHARSET=utf8mb4 COLLATE=utf8mb4_0900_ai_ci;
/*!40101 SET character_set_client = @saved_cs_client */;

--
-- Dumping data for table `scoretype`
--

LOCK TABLES `scoretype` WRITE;
/*!40000 ALTER TABLE `scoretype` DISABLE KEYS */;
INSERT INTO `scoretype` VALUES (1,'청결도'),(2,'맛'),(3,'분위기'),(4,'친절도');
/*!40000 ALTER TABLE `scoretype` ENABLE KEYS */;
UNLOCK TABLES;

--
-- Table structure for table `sociallogin`
--

DROP TABLE IF EXISTS `sociallogin`;
/*!40101 SET @saved_cs_client     = @@character_set_client */;
/*!50503 SET character_set_client = utf8mb4 */;
CREATE TABLE `sociallogin` (
  `sl_num` int NOT NULL AUTO_INCREMENT,
  `sl_us_num` int NOT NULL,
  `sl_kakao` tinyint(1) DEFAULT NULL,
  `sl_phone` tinyint(1) DEFAULT NULL,
  `sl_google` tinyint(1) DEFAULT NULL,
  PRIMARY KEY (`sl_num`),
  UNIQUE KEY `sl_us_num` (`sl_us_num`),
  CONSTRAINT `FK_User_TO_Sociallogin_1` FOREIGN KEY (`sl_us_num`) REFERENCES `user` (`us_num`)
) ENGINE=InnoDB DEFAULT CHARSET=utf8mb4 COLLATE=utf8mb4_0900_ai_ci;
/*!40101 SET character_set_client = @saved_cs_client */;

--
-- Dumping data for table `sociallogin`
--

LOCK TABLES `sociallogin` WRITE;
/*!40000 ALTER TABLE `sociallogin` DISABLE KEYS */;
/*!40000 ALTER TABLE `sociallogin` ENABLE KEYS */;
UNLOCK TABLES;

--
-- Table structure for table `tag`
--

DROP TABLE IF EXISTS `tag`;
/*!40101 SET @saved_cs_client     = @@character_set_client */;
/*!50503 SET character_set_client = utf8mb4 */;
CREATE TABLE `tag` (
  `tag_num` int NOT NULL AUTO_INCREMENT,
  `tag_name` varchar(50) NOT NULL,
  `TAG_TT_NUM` int NOT NULL,
  PRIMARY KEY (`tag_num`),
  KEY `FK_TagType_TO_Tag_1` (`TAG_TT_NUM`),
  CONSTRAINT `FK_TagType_TO_Tag_1` FOREIGN KEY (`TAG_TT_NUM`) REFERENCES `tagtype` (`TT_NUM`)
) ENGINE=InnoDB AUTO_INCREMENT=4 DEFAULT CHARSET=utf8mb4 COLLATE=utf8mb4_0900_ai_ci;
/*!40101 SET character_set_client = @saved_cs_client */;

--
-- Dumping data for table `tag`
--

LOCK TABLES `tag` WRITE;
/*!40000 ALTER TABLE `tag` DISABLE KEYS */;
INSERT INTO `tag` VALUES (1,'차분한',1),(2,'신나는',1),(3,'세련된',1);
/*!40000 ALTER TABLE `tag` ENABLE KEYS */;
UNLOCK TABLES;

--
-- Table structure for table `tagtype`
--

DROP TABLE IF EXISTS `tagtype`;
/*!40101 SET @saved_cs_client     = @@character_set_client */;
/*!50503 SET character_set_client = utf8mb4 */;
CREATE TABLE `tagtype` (
  `TT_NUM` int NOT NULL AUTO_INCREMENT,
  `TT_NAME` varchar(50) NOT NULL,
  PRIMARY KEY (`TT_NUM`)
) ENGINE=InnoDB AUTO_INCREMENT=2 DEFAULT CHARSET=utf8mb4 COLLATE=utf8mb4_0900_ai_ci;
/*!40101 SET character_set_client = @saved_cs_client */;

--
-- Dumping data for table `tagtype`
--

LOCK TABLES `tagtype` WRITE;
/*!40000 ALTER TABLE `tagtype` DISABLE KEYS */;
INSERT INTO `tagtype` VALUES (1,'분위기');
/*!40000 ALTER TABLE `tagtype` ENABLE KEYS */;
UNLOCK TABLES;

--
-- Table structure for table `user`
--

DROP TABLE IF EXISTS `user`;
/*!40101 SET @saved_cs_client     = @@character_set_client */;
/*!50503 SET character_set_client = utf8mb4 */;
CREATE TABLE `user` (
  `us_num` int NOT NULL AUTO_INCREMENT,
  `us_id` varchar(20) NOT NULL,
  `us_pw` varchar(255) NOT NULL,
  `us_name` varchar(50) NOT NULL,
  `us_phone` varchar(20) NOT NULL,
  `us_email` varchar(50) NOT NULL,
  `us_nickname` varchar(30) NOT NULL,
  `us_sociallogin` tinyint(1) DEFAULT NULL,
  `us_created` datetime NOT NULL DEFAULT CURRENT_TIMESTAMP,
  `us_state` int NOT NULL DEFAULT '0',
  PRIMARY KEY (`us_num`)
) ENGINE=InnoDB AUTO_INCREMENT=3 DEFAULT CHARSET=utf8mb4 COLLATE=utf8mb4_0900_ai_ci;
/*!40101 SET character_set_client = @saved_cs_client */;

--
-- Dumping data for table `user`
--

LOCK TABLES `user` WRITE;
/*!40000 ALTER TABLE `user` DISABLE KEYS */;
INSERT INTO `user` VALUES (1,'123','$2a$10$juSqcXcXvHzpTdW1Ml/yk.IaLl7uPP77lksZan0T83ZH8Dq4ns7MG','홍길동','010-1234-5678','hong@example.com','길동이',0,'2025-06-10 08:35:31',0),(2,'dlakfsus','$2a$10$twJBKzDwnKW79r0ndFTyoe/VjZTTdKSTfBBj3ZdE/DKxcz83YHBlO','이말년','010-0101-0101','dlakfsus@kh.kr','침착한맨',NULL,'2025-06-10 08:44:41',0);
/*!40000 ALTER TABLE `user` ENABLE KEYS */;
UNLOCK TABLES;

--
-- Table structure for table `usercoupon`
--

DROP TABLE IF EXISTS `usercoupon`;
/*!40101 SET @saved_cs_client     = @@character_set_client */;
/*!50503 SET character_set_client = utf8mb4 */;
CREATE TABLE `usercoupon` (
  `UC_NUM` int NOT NULL AUTO_INCREMENT,
  `UC_STATE` tinyint(1) NOT NULL,
  `UC_ReC_NUM` int NOT NULL,
  `UC_us_num` int NOT NULL,
  PRIMARY KEY (`UC_NUM`),
  KEY `FK_ResCoupon_TO_UserCoupon_1` (`UC_ReC_NUM`),
  KEY `FK_User_TO_UserCoupon_1` (`UC_us_num`),
  CONSTRAINT `FK_ResCoupon_TO_UserCoupon_1` FOREIGN KEY (`UC_ReC_NUM`) REFERENCES `rescoupon` (`ReC_NUM`),
  CONSTRAINT `FK_User_TO_UserCoupon_1` FOREIGN KEY (`UC_us_num`) REFERENCES `user` (`us_num`)
) ENGINE=InnoDB AUTO_INCREMENT=2 DEFAULT CHARSET=utf8mb4 COLLATE=utf8mb4_0900_ai_ci;
/*!40101 SET character_set_client = @saved_cs_client */;

--
-- Dumping data for table `usercoupon`
--

LOCK TABLES `usercoupon` WRITE;
/*!40000 ALTER TABLE `usercoupon` DISABLE KEYS */;
INSERT INTO `usercoupon` VALUES (1,0,1,1);
/*!40000 ALTER TABLE `usercoupon` ENABLE KEYS */;
UNLOCK TABLES;

--
-- Table structure for table `userprofileimage`
--

DROP TABLE IF EXISTS `userprofileimage`;
/*!40101 SET @saved_cs_client     = @@character_set_client */;
/*!50503 SET character_set_client = utf8mb4 */;
CREATE TABLE `userprofileimage` (
  `upi_num` int NOT NULL AUTO_INCREMENT,
  `upi_us_num` int NOT NULL,
  `upi_file_name` varchar(255) NOT NULL,
  `upi_file_path` varchar(255) DEFAULT NULL,
  `upi_upload_date` datetime DEFAULT CURRENT_TIMESTAMP,
  PRIMARY KEY (`upi_num`),
  KEY `upi_us_num` (`upi_us_num`),
  CONSTRAINT `userprofileimage_ibfk_1` FOREIGN KEY (`upi_us_num`) REFERENCES `user` (`us_num`) ON DELETE CASCADE
) ENGINE=InnoDB DEFAULT CHARSET=utf8mb4 COLLATE=utf8mb4_0900_ai_ci;
/*!40101 SET character_set_client = @saved_cs_client */;

--
-- Dumping data for table `userprofileimage`
--

LOCK TABLES `userprofileimage` WRITE;
/*!40000 ALTER TABLE `userprofileimage` DISABLE KEYS */;
/*!40000 ALTER TABLE `userprofileimage` ENABLE KEYS */;
UNLOCK TABLES;

--
-- Table structure for table `usfollow`
--

DROP TABLE IF EXISTS `usfollow`;
/*!40101 SET @saved_cs_client     = @@character_set_client */;
/*!50503 SET character_set_client = utf8mb4 */;
CREATE TABLE `usfollow` (
  `UF_NUM` int NOT NULL AUTO_INCREMENT,
  `uf_us_num` int NOT NULL,
  `uf_TYPE` enum('REVIEW','RESTAURANT','DETAILREGION','DETAILFOODCATEGORY') NOT NULL,
  `uf_FOREIGN` int NOT NULL,
  PRIMARY KEY (`UF_NUM`),
  KEY `FK_User_TO_UsFollow_1` (`uf_us_num`),
  CONSTRAINT `FK_User_TO_UsFollow_1` FOREIGN KEY (`uf_us_num`) REFERENCES `user` (`us_num`)
) ENGINE=InnoDB AUTO_INCREMENT=4 DEFAULT CHARSET=utf8mb4 COLLATE=utf8mb4_0900_ai_ci;
/*!40101 SET character_set_client = @saved_cs_client */;

--
-- Dumping data for table `usfollow`
--

LOCK TABLES `usfollow` WRITE;
/*!40000 ALTER TABLE `usfollow` DISABLE KEYS */;
INSERT INTO `usfollow` VALUES (1,1,'RESTAURANT',1),(2,1,'REVIEW',1),(3,1,'RESTAURANT',2);
/*!40000 ALTER TABLE `usfollow` ENABLE KEYS */;
UNLOCK TABLES;
/*!40103 SET TIME_ZONE=@OLD_TIME_ZONE */;

/*!40101 SET SQL_MODE=@OLD_SQL_MODE */;
/*!40014 SET FOREIGN_KEY_CHECKS=@OLD_FOREIGN_KEY_CHECKS */;
/*!40014 SET UNIQUE_CHECKS=@OLD_UNIQUE_CHECKS */;
/*!40101 SET CHARACTER_SET_CLIENT=@OLD_CHARACTER_SET_CLIENT */;
/*!40101 SET CHARACTER_SET_RESULTS=@OLD_CHARACTER_SET_RESULTS */;
/*!40101 SET COLLATION_CONNECTION=@OLD_COLLATION_CONNECTION */;
/*!40111 SET SQL_NOTES=@OLD_SQL_NOTES */;

-- Dump completed on 2025-06-11 20:01:01
